manifest_schema_version,reconstruction_contract_version,eligibility_contract_version,methodology_version,case_id,stage_c_processability_status,stage_c_authoritative_record,stage_c_authoritative_record_sha256,stage_c_authority_validation_status,tC,tC_precision,tC_status,tC_source,tFG,tFG_precision,tFG_status,tFG_source,primary_repository_cutoff,first_generation_boundary_identifiable,first_generation_boundary_basis,repository,canonical_repository_url,pr_number,source_linkage_reference,reconstruction_target_rule,reconstruction_target_type,candidate_target_identifier,authoritative_target_identifier,target_identity_status,target_identity_basis,historical_availability_status,historical_availability_basis,historical_state_reconstructible,repository_component_status,pr_component_status,issue_component_status,ci_component_status,discussion_component_status,reconstruction_status,reconstruction_attempt_id,reconstruction_evidence_ref,reconstruction_log_ref,failure_category,failure_reason,retry_disposition,remaining_criteria_status,final_scientific_eligibility,exclusion_reason,adjudication_required,notes
post-stage-c-eligibility-manifest-v1,post-stage-c-reconstruction-v1,post-stage-c-eligibility-v1,dir-tfg-v2,CASE_091B52A05DEF,processable,cases/conversations/CASE_091B52A05DEF/stage_c_extraction_v5_post_c_resolution_v5_retry_01.json,377005efe9c58ac1d781e07f60b714c0ed411c7208f139d459b5079043292887,validated,2023-11-14T21:50:15.895416+00:00,timestamp,derivable,first developer turn in parsed conversation,2023-11-14T21:50:49.315735+00:00,timestamp,derivable,turn_000004.create_time,tFG,yes,validated_authoritative_stage_c_family_response_target_boundary_and_tFG,pokt-network/poktroll,https://github.com/pokt-network/poktroll,185,cases/manifests/screened_PA_PN_cases.csv#CASE_091B52A05DEF,historically_evidenced_focal_pr_base_state_at_tFG,git_commit,32513b835866168e9d77f21569f4e36b554c1781,,candidate_only,stage_a_pr_base_sha_access_probe_not_historically_authoritative,not_assessed,,unresolved,not_assessed,not_assessed,not_assessed,not_assessed,not_assessed,not_attempted,,,,,,not_applicable,historical_state_reconstructible_unresolved,pending_resolution,,false,Initialized offline; no repository acquisition or final eligibility decision performed.
post-stage-c-eligibility-manifest-v1,post-stage-c-reconstruction-v1,post-stage-c-eligibility-v1,dir-tfg-v2,CASE_0C81DAE6280D,processable,cases/conversations/CASE_0C81DAE6280D/stage_c_extraction_v5.json,c99d4af67d3af4efca34d22967fe8572ac555aaa3e743d67f63ed409a132cc79,validated,2023-07-31T15:36:45.193223+00:00,timestamp,derivable,first developer turn in parsed conversation,2023-07-31T15:37:00.377631+00:00,timestamp,derivable,turn_000003.create_time,tFG,yes,validated_authoritative_stage_c_family_response_target_boundary_and_tFG,osmosis-labs/osmosis-frontend,https://github.com/osmosis-labs/osmosis-frontend,1936,cases/manifests/screened_PA_PN_cases.csv#CASE_0C81DAE6280D,historically_evidenced_focal_pr_base_state_at_tFG,git_commit,cc8ace0671476576111485db61053033711547db,,candidate_only,stage_a_pr_base_sha_access_probe_not_historically_authoritative,not_assessed,,unresolved,not_assessed,not_assessed,not_assessed,not_assessed,not_assessed,not_attempted,,,,,,not_applicable,historical_state_reconstructible_unresolved,pending_resolution,,false,Initialized offline; no repository acquisition or final eligibility decision performed.
post-stage-c-eligibility-manifest-v1,post-stage-c-reconstruction-v1,post-stage-c-eligibility-v1,dir-tfg-v2,CASE_0CE9E03556F1,processable,cases/conversations/CASE_0CE9E03556F1/stage_c_extraction_v5.json,1bd6ace1e34332dc6bc7f60a1a1703189d4af83105f0c9b7b9ed39294d4f54c8,validated,2023-06-15T12:00:11.965943+00:00,timestamp,derivable,first developer turn in parsed conversation,2023-06-15T12:00:33.229427+00:00,timestamp,derivable,turn_000003.create_time,tFG,yes,validated_authoritative_stage_c_family_response_target_boundary_and_tFG,Altinity/clickhouse-backup,https://github.com/Altinity/clickhouse-backup,648,cases/manifests/screened_PA_PN_cases.csv#CASE_0CE9E03556F1,historically_evidenced_focal_pr_base_state_at_tFG,git_commit,b1c4727884a479781dab886cdc750d2932d62333,,candidate_only,stage_a_pr_base_sha_access_probe_not_historically_authoritative,not_assessed,,unresolved,not_assessed,not_assessed,not_assessed,not_assessed,not_assessed,not_attempted,,,,,,not_applicable,historical_state_reconstructible_unresolved,pending_resolution,,false,Initialized offline; no repository acquisition or final eligibility decision performed.
post-stage-c-eligibility-manifest-v1,post-stage-c-reconstruction-v1,post-stage-c-eligibility-v1,dir-tfg-v2,CASE_0ECE0C32A4BB,processable,cases/conversations/CASE_0ECE0C32A4BB/stage_c_extraction_v5.json,847dee135334feb22cd7b0a10ce83735c5693ed501e0747172d165b331ec76fa,validated,2024-03-04T09:15:23.235651+00:00,timestamp,derivable,first developer turn in parsed conversation,2024-03-04T09:15:38.260049+00:00,timestamp,derivable,turn_000003.create_time,tFG,yes,validated_authoritative_stage_c_family_response_target_boundary_and_tFG,StuartGavidia/businessapp,https://github.com/StuartGavidia/businessapp,35,cases/manifests/screened_PA_PN_cases.csv#CASE_0ECE0C32A4BB,historically_evidenced_focal_pr_base_state_at_tFG,git_commit,8861a9064687dbd874e0dc135d03fc494639e2d1,,candidate_only,stage_a_pr_base_sha_access_probe_not_historically_authoritative,not_assessed,,unresolved,not_assessed,not_assessed,not_assessed,not_assessed,not_assessed,not_attempted,,,,,,not_applicable,historical_state_reconstructible_unresolved,pending_resolution,,false,Initialized offline; no repository acquisition or final eligibility decision performed.
post-stage-c-eligibility-manifest-v1,post-stage-c-reconstruction-v1,post-stage-c-eligibility-v1,dir-tfg-v2,CASE_1754D5BAEC54,processable,cases/conversations/CASE_1754D5BAEC54/stage_c_extraction_v5.json,a5b270583711f6cb4fb40cec46b2e527b18a085a6e0bc1558cdb57dd95d1b6eb,validated,2023-07-15T05:09:47.979731+00:00,timestamp,derivable,first developer turn in parsed conversation,2023-07-15T05:09:56.392897+00:00,timestamp,derivable,turn_000003.create_time,tFG,yes,validated_authoritative_stage_c_family_response_target_boundary_and_tFG,ECMaker/blog,https://github.com/ECMaker/blog,24,cases/manifests/screened_PA_PN_cases.csv#CASE_1754D5BAEC54,historically_evidenced_focal_pr_base_state_at_tFG,git_commit,06b638eeb7a824f7853c7d74a1b9f8b0719227cb,,candidate_only,stage_a_pr_base_sha_access_probe_not_historically_authoritative,not_assessed,,unresolved,not_assessed,not_assessed,not_assessed,not_assessed,not_assessed,not_attempted,,,,,,not_applicable,historical_state_reconstructible_unresolved,pending_resolution,,false,Initialized offline; no repository acquisition or final eligibility decision performed.
post-stage-c-eligibility-manifest-v1,post-stage-c-reconstruction-v1,post-stage-c-eligibility-v1,dir-tfg-v2,CASE_179B36843FBE,processable,cases/conversations/CASE_179B36843FBE/stage_c_extraction_v5.json,64157e681f8469ffbce014d22b70555867c718c51494a9c5de93be302c73b366,validated,2023-07-24T07:17:59.369699+00:00,timestamp,derivable,first developer turn in parsed conversation,2023-07-24T07:18:17.145534+00:00,timestamp,derivable,turn_000003.create_time,tFG,yes,validated_authoritative_stage_c_family_response_target_boundary_and_tFG,Hochfrequenz/kohlrahbi,https://github.com/Hochfrequenz/kohlrahbi,158,cases/manifests/screened_PA_PN_cases.csv#CASE_179B36843FBE,historically_evidenced_focal_pr_base_state_at_tFG,git_commit,ddb943d326ed2d8822615a664160aaa8437b1762,,candidate_only,stage_a_pr_base_sha_access_probe_not_historically_authoritative,not_assessed,,unresolved,not_assessed,not_assessed,not_assessed,not_assessed,not_assessed,not_attempted,,,,,,not_applicable,historical_state_reconstructible_unresolved,pending_resolution,,false,Initialized offline; no repository acquisition or final eligibility decision performed.
post-stage-c-eligibility-manifest-v1,post-stage-c-reconstruction-v1,post-stage-c-eligibility-v1,dir-tfg-v2,CASE_188C69620856,processable,cases/conversations/CASE_188C69620856/stage_c_extraction_v5.json,d75982eb85b0ed9eb34604b992da2ec466dad923a0eedfe7b3ff71d97c200c12,validated,2024-02-08T04:42:13.817798+00:00,timestamp,derivable,first developer turn in parsed conversation,2024-02-08T04:42:19.499871+00:00,timestamp,derivable,turn_000003.create_time,tFG,yes,validated_authoritative_stage_c_family_response_target_boundary_and_tFG,Northeastern-Electric-Racing/FinishLine,https://github.com/Northeastern-Electric-Racing/FinishLine,2021,cases/manifests/screened_PA_PN_cases.csv#CASE_188C69620856,historically_evidenced_focal_pr_base_state_at_tFG,git_commit,15fee31f5b62089b3e712adedfd6024a88a0bc6b,,candidate_only,stage_a_pr_base_sha_access_probe_not_historically_authoritative,not_assessed,,unresolved,not_assessed,not_assessed,not_assessed,not_assessed,not_assessed,not_attempted,,,,,,not_applicable,historical_state_reconstructible_unresolved,pending_resolution,,false,Initialized offline; no repository acquisition or final eligibility decision performed.
post-stage-c-eligibility-manifest-v1,post-stage-c-reconstruction-v1,post-stage-c-eligibility-v1,dir-tfg-v2,CASE_193801513E85,processable,cases/conversations/CASE_193801513E85/stage_c_extraction_v5.json,8a6d4a7185a6c41dea74d2b2ef00df069a544e42e9cb2f4cbdfc626e559d73a4,validated,2023-09-16T11:10:33.268452+00:00,timestamp,derivable,first developer turn in parsed conversation,2023-09-16T11:14:32.846018+00:00,timestamp,derivable,turn_000005.create_time,tFG,yes,validated_authoritative_stage_c_family_response_target_boundary_and_tFG,SharezoneApp/sharezone-app,https://github.com/SharezoneApp/sharezone-app,980,cases/manifests/screened_PA_PN_cases.csv#CASE_193801513E85,historically_evidenced_focal_pr_base_state_at_tFG,git_commit,968361dd412d7137042ec192dece98afaaba90da,,candidate_only,stage_a_pr_base_sha_access_probe_not_historically_authoritative,not_assessed,,unresolved,not_assessed,not_assessed,not_assessed,not_assessed,not_assessed,not_attempted,,,,,,not_applicable,historical_state_reconstructible_unresolved,pending_resolution,,false,Initialized offline; no repository acquisition or final eligibility decision performed.
post-stage-c-eligibility-manifest-v1,post-stage-c-reconstruction-v1,post-stage-c-eligibility-v1,dir-tfg-v2,CASE_194F3A461B65,processable,cases/conversations/CASE_194F3A461B65/stage_c_extraction_v5.json,5fb79ea655178bbafc1144c2b6e8248acf579abebad1784a90012b9d2c85a7a4,validated,2024-02-18T18:17:01.691805+00:00,timestamp,derivable,first developer turn in parsed conversation,2024-02-18T18:17:35.190572+00:00,timestamp,derivable,turn_000003.create_time,tFG,yes,validated_authoritative_stage_c_family_response_target_boundary_and_tFG,VOICEVOX/voicevox,https://github.com/VOICEVOX/voicevox,1836,cases/manifests/screened_PA_PN_cases.csv#CASE_194F3A461B65,historically_evidenced_focal_pr_base_state_at_tFG,git_commit,0b716a5c86e7a8d75c5ca8b4412802aa18c0933b,,candidate_only,stage_a_pr_base_sha_access_probe_not_historically_authoritative,not_assessed,,unresolved,not_assessed,not_assessed,not_assessed,not_assessed,not_assessed,not_attempted,,,,,,not_applicable,historical_state_reconstructible_unresolved,pending_resolution,,false,Initialized offline; no repository acquisition or final eligibility decision performed.
post-stage-c-eligibility-manifest-v1,post-stage-c-reconstruction-v1,post-stage-c-eligibility-v1,dir-tfg-v2,CASE_1A72A70C88B5,processable,cases/conversations/CASE_1A72A70C88B5/stage_c_extraction_v5.json,8abf13edfec66919124c6dadfb0d41026c4ee7c5fd8e93733aab56168e025f96,validated,2024-02-14T00:08:44.088851+00:00,timestamp,derivable,first developer turn in parsed conversation,2024-02-14T00:08:46.581968+00:00,timestamp,derivable,turn_000003.create_time,tFG,yes,validated_authoritative_stage_c_family_response_target_boundary_and_tFG,VyProductions/SeniorDesign,https://github.com/VyProductions/SeniorDesign,51,cases/manifests/screened_PA_PN_cases.csv#CASE_1A72A70C88B5,historically_evidenced_focal_pr_base_state_at_tFG,git_commit,6f5b7f100a1e230479631fdd6e6b70aad272e82f,,candidate_only,stage_a_pr_base_sha_access_probe_not_historically_authoritative,not_assessed,,unresolved,not_assessed,not_assessed,not_assessed,not_assessed,not_assessed,not_attempted,,,,,,not_applicable,historical_state_reconstructible_unresolved,pending_resolution,,false,Initialized offline; no repository acquisition or final eligibility decision performed.
post-stage-c-eligibility-manifest-v1,post-stage-c-reconstruction-v1,post-stage-c-eligibility-v1,dir-tfg-v2,CASE_1C3B62857D19,processable,cases/conversations/CASE_1C3B62857D19/stage_c_extraction_v5.json,76caf8d9adcaeef619944d955416d706ba363c9750cf1e6038f26a767582bc7e,validated,2024-01-15T00:03:34.811640+00:00,timestamp,derivable,first developer turn in parsed conversation,2024-01-15T00:03:53.295269+00:00,timestamp,derivable,turn_000003.create_time,tFG,yes,validated_authoritative_stage_c_family_response_target_boundary_and_tFG,langroid/langroid,https://github.com/langroid/langroid,301,cases/manifests/screened_PA_PN_cases.csv#CASE_1C3B62857D19,historically_evidenced_focal_pr_base_state_at_tFG,git_commit,ca3d4eb6f4b9c875874e1e937f17cd5375ed4dc3,,candidate_only,stage_a_pr_base_sha_access_probe_not_historically_authoritative,not_assessed,,unresolved,not_assessed,not_assessed,not_assessed,not_assessed,not_assessed,not_attempted,,,,,,not_applicable,historical_state_reconstructible_unresolved,pending_resolution,,false,Initialized offline; no repository acquisition or final eligibility decision performed.
post-stage-c-eligibility-manifest-v1,post-stage-c-reconstruction-v1,post-stage-c-eligibility-v1,dir-tfg-v2,CASE_1FEA1F5DE7C1,processable,cases/conversations/CASE_1FEA1F5DE7C1/stage_c_extraction_v5.json,fda0f8bd42ff43bb6e24fbfda482dc0d886e86c685ec7b2a88b38277b6d87889,validated,2024-04-16T11:14:56.891392+00:00,timestamp,derivable,first developer turn in parsed conversation,2024-04-16T11:15:01.694532+00:00,timestamp,derivable,turn_000003.create_time,tFG,yes,validated_authoritative_stage_c_family_response_target_boundary_and_tFG,box/developer.box.com,https://github.com/box/developer.box.com,533,cases/manifests/screened_PA_PN_cases.csv#CASE_1FEA1F5DE7C1,historically_evidenced_focal_pr_base_state_at_tFG,git_commit,55b957ab3142c20df96cde39d3330ea715d65566,,candidate_only,stage_a_pr_base_sha_access_probe_not_historically_authoritative,not_assessed,,unresolved,not_assessed,not_assessed,not_assessed,not_assessed,not_assessed,not_attempted,,,,,,not_applicable,historical_state_reconstructible_unresolved,pending_resolution,,false,Initialized offline; no repository acquisition or final eligibility decision performed.
post-stage-c-eligibility-manifest-v1,post-stage-c-reconstruction-v1,post-stage-c-eligibility-v1,dir-tfg-v2,CASE_21DFA2A0B7DA,processable,cases/conversations/CASE_21DFA2A0B7DA/stage_c_extraction_v5.json,3e54129c2c63f1fa6d234ce4c322ce7e22c649d6c714576ef7e0bd1533659b87,validated,2023-06-06T13:54:07.980315+00:00,timestamp,derivable,first developer turn in parsed conversation,2023-06-06T13:54:25.318481+00:00,timestamp,derivable,turn_000003.create_time,tFG,yes,validated_authoritative_stage_c_family_response_target_boundary_and_tFG,astahmer/openapi-zod-client,https://github.com/astahmer/openapi-zod-client,151,cases/manifests/screened_PA_PN_cases.csv#CASE_21DFA2A0B7DA,historically_evidenced_focal_pr_base_state_at_tFG,git_commit,d3c23047c616a45a3c18f0e7479168ae1d3a7489,,candidate_only,stage_a_pr_base_sha_access_probe_not_historically_authoritative,not_assessed,,unresolved,not_assessed,not_assessed,not_assessed,not_assessed,not_assessed,not_attempted,,,,,,not_applicable,historical_state_reconstructible_unresolved,pending_resolution,,false,Initialized offline; no repository acquisition or final eligibility decision performed.
post-stage-c-eligibility-manifest-v1,post-stage-c-reconstruction-v1,post-stage-c-eligibility-v1,dir-tfg-v2,CASE_26F615E94B29,processable,cases/conversations/CASE_26F615E94B29/stage_c_extraction_v5.json,a058b9c9acd61449a8ba7022e7e50b376901f4811636814698ae18a8d0434455,validated,2023-10-02T18:16:44.035793+00:00,timestamp,derivable,first developer turn in parsed conversation,2023-10-02T18:17:19.796546+00:00,timestamp,derivable,turn_000003.create_time,tFG,yes,validated_authoritative_stage_c_family_response_target_boundary_and_tFG,alcionai/corso,https://github.com/alcionai/corso,4417,cases/manifests/screened_PA_PN_cases.csv#CASE_26F615E94B29,historically_evidenced_focal_pr_base_state_at_tFG,git_commit,268cf987700efda028adb90c1b368dd27d6676d7,,candidate_only,stage_a_pr_base_sha_access_probe_not_historically_authoritative,not_assessed,,unresolved,not_assessed,not_assessed,not_assessed,not_assessed,not_assessed,not_attempted,,,,,,not_applicable,historical_state_reconstructible_unresolved,pending_resolution,,false,Initialized offline; no repository acquisition or final eligibility decision performed.
post-stage-c-eligibility-manifest-v1,post-stage-c-reconstruction-v1,post-stage-c-eligibility-v1,dir-tfg-v2,CASE_298A455FBBD8,processable,cases/conversations/CASE_298A455FBBD8/stage_c_extraction_v5.json,5629a8f6dccd2a3af3466484220beb4496bac31c9c661814231a99db104bfde0,validated,2024-02-09T05:52:19.004086+00:00,timestamp,derivable,first developer turn in parsed conversation,2024-02-09T05:53:05.925557+00:00,timestamp,derivable,turn_000003.create_time,tFG,yes,validated_authoritative_stage_c_family_response_target_boundary_and_tFG,whatwg/html-build,https://github.com/whatwg/html-build,291,cases/manifests/screened_PA_PN_cases.csv#CASE_298A455FBBD8,historically_evidenced_focal_pr_base_state_at_tFG,git_commit,0334e03ea73e24d6b7e3cec7419aad4962f64d34,,candidate_only,stage_a_pr_base_sha_access_probe_not_historically_authoritative,not_assessed,,unresolved,not_assessed,not_assessed,not_assessed,not_assessed,not_assessed,not_attempted,,,,,,not_applicable,historical_state_reconstructible_unresolved,pending_resolution,,false,Initialized offline; no repository acquisition or final eligibility decision performed.
post-stage-c-eligibility-manifest-v1,post-stage-c-reconstruction-v1,post-stage-c-eligibility-v1,dir-tfg-v2,CASE_2ABF4A57FD48,processable,cases/conversations/CASE_2ABF4A57FD48/stage_c_extraction_v5.json,d6b89a2eff9739601f91bde2d8e78fc0e8310d64fb894fd8e020cafb2db823ab,validated,2023-07-17T11:32:21.891463+00:00,timestamp,derivable,first developer turn in parsed conversation,2023-07-17T11:32:28.751245+00:00,timestamp,derivable,turn_000003.create_time,tFG,yes,validated_authoritative_stage_c_family_response_target_boundary_and_tFG,open-learning-exchange/myplanet,https://github.com/open-learning-exchange/myplanet,2229,cases/manifests/screened_PA_PN_cases.csv#CASE_2ABF4A57FD48,historically_evidenced_focal_pr_base_state_at_tFG,git_commit,f2e94abe7a3097bca7df5f6e45fe742f4758a5ff,,candidate_only,stage_a_pr_base_sha_access_probe_not_historically_authoritative,not_assessed,,unresolved,not_assessed,not_assessed,not_assessed,not_assessed,not_assessed,not_attempted,,,,,,not_applicable,historical_state_reconstructible_unresolved,pending_resolution,,false,Initialized offline; no repository acquisition or final eligibility decision performed.
post-stage-c-eligibility-manifest-v1,post-stage-c-reconstruction-v1,post-stage-c-eligibility-v1,dir-tfg-v2,CASE_2BAC9476B7B1,processable,cases/conversations/CASE_2BAC9476B7B1/stage_c_extraction_v5.json,4c68f0129e52362dbcfaf0e3cc7acce449d3d4c8caabefeb0b881073f8591a1f,validated,2023-07-26T18:12:17.562048+00:00,timestamp,derivable,first developer turn in parsed conversation,2023-07-26T18:13:07.971202+00:00,timestamp,derivable,turn_000003.create_time,tFG,yes,validated_authoritative_stage_c_family_response_target_boundary_and_tFG,unoplatform/workshops,https://github.com/unoplatform/workshops,128,cases/manifests/screened_PA_PN_cases.csv#CASE_2BAC9476B7B1,historically_evidenced_focal_pr_base_state_at_tFG,git_commit,4ccbfda75e946998d1de875805eb111b3e8a7088,,candidate_only,stage_a_pr_base_sha_access_probe_not_historically_authoritative,not_assessed,,unresolved,not_assessed,not_assessed,not_assessed,not_assessed,not_assessed,not_attempted,,,,,,not_applicable,historical_state_reconstructible_unresolved,pending_resolution,,false,Initialized offline; no repository acquisition or final eligibility decision performed.
post-stage-c-eligibility-manifest-v1,post-stage-c-reconstruction-v1,post-stage-c-eligibility-v1,dir-tfg-v2,CASE_2D5D7C7DC776,processable,cases/conversations/CASE_2D5D7C7DC776/stage_c_extraction_v5.json,ba6aed9570e64748ba1b4659a6c7c59f6ec9163fc0a76d5af0d4ca7940387e28,validated,2024-04-21T03:56:14.294571+00:00,timestamp,derivable,first developer turn in parsed conversation,2024-04-21T03:56:24.373903+00:00,timestamp,derivable,turn_000003.create_time,tFG,yes,validated_authoritative_stage_c_family_response_target_boundary_and_tFG,UNLV-CS472-672/2024-S-GROUP3-Barbell,https://github.com/UNLV-CS472-672/2024-S-GROUP3-Barbell,228,cases/manifests/screened_PA_PN_cases.csv#CASE_2D5D7C7DC776,historically_evidenced_focal_pr_base_state_at_tFG,git_commit,f066028b0582dc85cad08440c7b3a8409da78d5e,,candidate_only,stage_a_pr_base_sha_access_probe_not_historically_authoritative,not_assessed,,unresolved,not_assessed,not_assessed,not_assessed,not_assessed,not_assessed,not_attempted,,,,,,not_applicable,historical_state_reconstructible_unresolved,pending_resolution,,false,Initialized offline; no repository acquisition or final eligibility decision performed.
post-stage-c-eligibility-manifest-v1,post-stage-c-reconstruction-v1,post-stage-c-eligibility-v1,dir-tfg-v2,CASE_2EE7F39A770C,processable,cases/conversations/CASE_2EE7F39A770C/stage_c_extraction_v5.json,73f14e6f444e16573c3d563373322f395db1f1ccebf863864453871661d35049,validated,2023-06-27T10:44:55.838603+00:00,timestamp,derivable,first developer turn in parsed conversation,2023-06-27T10:44:59.407016+00:00,timestamp,derivable,turn_000003.create_time,tFG,yes,validated_authoritative_stage_c_family_response_target_boundary_and_tFG,ssvlabs/ssv-web,https://github.com/ssvlabs/ssv-web,277,cases/manifests/screened_PA_PN_cases.csv#CASE_2EE7F39A770C,historically_evidenced_focal_pr_base_state_at_tFG,git_commit,a9a2a6022bfa0f6cbfe36a8f55215e41bed9a970,,candidate_only,stage_a_pr_base_sha_access_probe_not_historically_authoritative,not_assessed,,unresolved,not_assessed,not_assessed,not_assessed,not_assessed,not_assessed,not_attempted,,,,,,not_applicable,historical_state_reconstructible_unresolved,pending_resolution,,false,Initialized offline; no repository acquisition or final eligibility decision performed.
post-stage-c-eligibility-manifest-v1,post-stage-c-reconstruction-v1,post-stage-c-eligibility-v1,dir-tfg-v2,CASE_31B64CD9DDDB,processable,cases/conversations/CASE_31B64CD9DDDB/stage_c_extraction_v5.json,f4ebb832f2720a967e4f130bd7f0e4aebe59922bc7f153e377cd1c71f1c4ef8b,validated,2023-12-18T22:51:58.289472+00:00,timestamp,derivable,first developer turn in parsed conversation,2023-12-18T22:52:27.760544+00:00,timestamp,derivable,turn_000003.create_time,tFG,yes,validated_authoritative_stage_c_family_response_target_boundary_and_tFG,agentcoinorg/evo.ninja,https://github.com/agentcoinorg/evo.ninja,629,cases/manifests/screened_PA_PN_cases.csv#CASE_31B64CD9DDDB,historically_evidenced_focal_pr_base_state_at_tFG,git_commit,c0b8e0f6ce1b19ea939c66fb57db48e35df31d79,,candidate_only,stage_a_pr_base_sha_access_probe_not_historically_authoritative,not_assessed,,unresolved,not_assessed,not_assessed,not_assessed,not_assessed,not_assessed,not_attempted,,,,,,not_applicable,historical_state_reconstructible_unresolved,pending_resolution,,false,Initialized offline; no repository acquisition or final eligibility decision performed.
post-stage-c-eligibility-manifest-v1,post-stage-c-reconstruction-v1,post-stage-c-eligibility-v1,dir-tfg-v2,CASE_34CAAE296942,processable,cases/conversations/CASE_34CAAE296942/stage_c_extraction_v5.json,4a63fbbd6672ff365f63827c701bf7d754bc2f2b823ccd70331ec7e9c8900f93,validated,2023-08-24T17:30:04.057663+00:00,timestamp,derivable,first developer turn in parsed conversation,2023-08-24T17:33:46.236043+00:00,timestamp,derivable,turn_000007.create_time,tFG,yes,validated_authoritative_stage_c_family_response_target_boundary_and_tFG,tinygrad/tinygrad,https://github.com/tinygrad/tinygrad,1661,cases/manifests/screened_PA_PN_cases.csv#CASE_34CAAE296942,historically_evidenced_focal_pr_base_state_at_tFG,git_commit,b66f54e3791f7bb2bd00e3ee2a580a67f9e7a65f,,candidate_only,stage_a_pr_base_sha_access_probe_not_historically_authoritative,not_assessed,,unresolved,not_assessed,not_assessed,not_assessed,not_assessed,not_assessed,not_attempted,,,,,,not_applicable,historical_state_reconstructible_unresolved,pending_resolution,,false,Initialized offline; no repository acquisition or final eligibility decision performed.
post-stage-c-eligibility-manifest-v1,post-stage-c-reconstruction-v1,post-stage-c-eligibility-v1,dir-tfg-v2,CASE_34D14D6B0BB7,processable,cases/conversations/CASE_34D14D6B0BB7/stage_c_extraction_v5.json,a74771e26609d67f2b738ab7807cbcf45f6468fc1dc85fa0ada6d27ce0f30d31,validated,2023-10-09T17:52:55.102066+00:00,timestamp,derivable,first developer turn in parsed conversation,2023-10-09T17:53:50.509201+00:00,timestamp,derivable,turn_000003.create_time,tFG,yes,validated_authoritative_stage_c_family_response_target_boundary_and_tFG,pyspark-ai/pyspark-ai,https://github.com/pyspark-ai/pyspark-ai,157,cases/manifests/screened_PA_PN_cases.csv#CASE_34D14D6B0BB7,historically_evidenced_focal_pr_base_state_at_tFG,git_commit,f90efd79baea9f632aea26ef51db99c87b6385a6,,candidate_only,stage_a_pr_base_sha_access_probe_not_historically_authoritative,not_assessed,,unresolved,not_assessed,not_assessed,not_assessed,not_assessed,not_assessed,not_attempted,,,,,,not_applicable,historical_state_reconstructible_unresolved,pending_resolution,,false,Initialized offline; no repository acquisition or final eligibility decision performed.
post-stage-c-eligibility-manifest-v1,post-stage-c-reconstruction-v1,post-stage-c-eligibility-v1,dir-tfg-v2,CASE_36570F50AD25,processable,cases/conversations/CASE_36570F50AD25/stage_c_extraction_v5.json,4ee384aecd63f8572ce91a8202e8caaa6619a5c0b8890374c6158ea1838527a4,validated,2023-12-13T11:36:12.000305+00:00,timestamp,derivable,first developer turn in parsed conversation,2023-12-13T11:36:34.939884+00:00,timestamp,derivable,turn_000003.create_time,tFG,yes,validated_authoritative_stage_c_family_response_target_boundary_and_tFG,exchange-wata/next.js14-tailwindcss-udemy-blog,https://github.com/mzkeyy/next.js14-tailwindcss-udemy-blog,6,cases/manifests/screened_PA_PN_cases.csv#CASE_36570F50AD25,historically_evidenced_focal_pr_base_state_at_tFG,git_commit,d66ae022763a8ceaa6e0c993b20edd70d71e87dd,,candidate_only,stage_a_pr_base_sha_access_probe_not_historically_authoritative,not_assessed,,unresolved,not_assessed,not_assessed,not_assessed,not_assessed,not_assessed,not_attempted,,,,,,not_applicable,historical_state_reconstructible_unresolved,pending_resolution,,false,Initialized offline; no repository acquisition or final eligibility decision performed.
post-stage-c-eligibility-manifest-v1,post-stage-c-reconstruction-v1,post-stage-c-eligibility-v1,dir-tfg-v2,CASE_36ED555D6DE4,processable,cases/conversations/CASE_36ED555D6DE4/stage_c_extraction_v5.json,63a46e307632ab5512cee5e6a59e9288af66ac50c3fd521f718a5afefeca7e13,validated,2023-08-21T13:20:31.820827+00:00,timestamp,derivable,first developer turn in parsed conversation,2023-08-21T13:20:58.574449+00:00,timestamp,derivable,turn_000003.create_time,tFG,yes,validated_authoritative_stage_c_family_response_target_boundary_and_tFG,poki/netlib,https://github.com/poki/netlib,50,cases/manifests/screened_PA_PN_cases.csv#CASE_36ED555D6DE4,historically_evidenced_focal_pr_base_state_at_tFG,git_commit,5ec1b047729d2733e857f37b8348a19f776159a4,,candidate_only,stage_a_pr_base_sha_access_probe_not_historically_authoritative,not_assessed,,unresolved,not_assessed,not_assessed,not_assessed,not_assessed,not_assessed,not_attempted,,,,,,not_applicable,historical_state_reconstructible_unresolved,pending_resolution,,false,Initialized offline; no repository acquisition or final eligibility decision performed.
post-stage-c-eligibility-manifest-v1,post-stage-c-reconstruction-v1,post-stage-c-eligibility-v1,dir-tfg-v2,CASE_3A639B473AED,processable,cases/conversations/CASE_3A639B473AED/stage_c_extraction_v5.json,e464de7609d7be8af9a9371abe5e67ff1fd5a23d7afbb438a222365e55027acf,validated,2023-08-07T17:40:02.973733+00:00,timestamp,derivable,first developer turn in parsed conversation,2023-08-07T17:40:16.134775+00:00,timestamp,derivable,turn_000003.create_time,tFG,yes,validated_authoritative_stage_c_family_response_target_boundary_and_tFG,PrivateBin/PrivateBin,https://github.com/PrivateBin/PrivateBin,1134,cases/manifests/screened_PA_PN_cases.csv#CASE_3A639B473AED,historically_evidenced_focal_pr_base_state_at_tFG,git_commit,48079483be9e7f7b5f623a07f2fcb7f157928d51,,candidate_only,stage_a_pr_base_sha_access_probe_not_historically_authoritative,not_assessed,,unresolved,not_assessed,not_assessed,not_assessed,not_assessed,not_assessed,not_attempted,,,,,,not_applicable,historical_state_reconstructible_unresolved,pending_resolution,,false,Initialized offline; no repository acquisition or final eligibility decision performed.
post-stage-c-eligibility-manifest-v1,post-stage-c-reconstruction-v1,post-stage-c-eligibility-v1,dir-tfg-v2,CASE_3D1C336B94C8,processable,cases/conversations/CASE_3D1C336B94C8/stage_c_extraction_v5.json,1175a853183930e61caa418263387d141c8a834fe697c81818a17aa039e86b99,validated,2023-07-19T19:59:28.904849+00:00,timestamp,derivable,first developer turn in parsed conversation,2023-07-19T20:01:20.995290+00:00,timestamp,derivable,turn_000003.create_time,tFG,yes,validated_authoritative_stage_c_family_response_target_boundary_and_tFG,netdata/netdata,https://github.com/netdata/netdata,15455,cases/manifests/screened_PA_PN_cases.csv#CASE_3D1C336B94C8,historically_evidenced_focal_pr_base_state_at_tFG,git_commit,52792750d47b2b5f10c49cee730328d1ffb41673,,candidate_only,stage_a_pr_base_sha_access_probe_not_historically_authoritative,not_assessed,,unresolved,not_assessed,not_assessed,not_assessed,not_assessed,not_assessed,not_attempted,,,,,,not_applicable,historical_state_reconstructible_unresolved,pending_resolution,,false,Initialized offline; no repository acquisition or final eligibility decision performed.
post-stage-c-eligibility-manifest-v1,post-stage-c-reconstruction-v1,post-stage-c-eligibility-v1,dir-tfg-v2,CASE_3E10D31BBE69,processable,cases/conversations/CASE_3E10D31BBE69/stage_c_extraction_v5.json,c428e207b33b1140a6d086087a149b31b2496e7d1a5c22c8001a0effd941a8cb,validated,2023-09-20T19:43:00.490186+00:00,timestamp,derivable,first developer turn in parsed conversation,2023-09-20T19:43:32.893493+00:00,timestamp,derivable,turn_000003.create_time,tFG,yes,validated_authoritative_stage_c_family_response_target_boundary_and_tFG,darklang/dark,https://github.com/darklang/dark,5087,cases/manifests/screened_PA_PN_cases.csv#CASE_3E10D31BBE69,historically_evidenced_focal_pr_base_state_at_tFG,git_commit,db9c58ae1e40869af67f8be768bda1280bceca70,,candidate_only,stage_a_pr_base_sha_access_probe_not_historically_authoritative,not_assessed,,unresolved,not_assessed,not_assessed,not_assessed,not_assessed,not_assessed,not_attempted,,,,,,not_applicable,historical_state_reconstructible_unresolved,pending_resolution,,false,Initialized offline; no repository acquisition or final eligibility decision performed.
post-stage-c-eligibility-manifest-v1,post-stage-c-reconstruction-v1,post-stage-c-eligibility-v1,dir-tfg-v2,CASE_3E3A525883BA,processable,cases/conversations/CASE_3E3A525883BA/stage_c_extraction_v5.json,850f2596cb1d79de9488ed2ae8bbc68e5174594176135913fbe9fffdd8ce4335,validated,2023-10-25T17:35:01.680644+00:00,timestamp,derivable,first developer turn in parsed conversation,2023-10-25T17:35:23.953244+00:00,timestamp,derivable,turn_000003.create_time,tFG,yes,validated_authoritative_stage_c_family_response_target_boundary_and_tFG,VOICEVOX/voicevox,https://github.com/VOICEVOX/voicevox,1621,cases/manifests/screened_PA_PN_cases.csv#CASE_3E3A525883BA,historically_evidenced_focal_pr_base_state_at_tFG,git_commit,be89daebf1b2697e0d203c96e03eb38a63f3f67d,,candidate_only,stage_a_pr_base_sha_access_probe_not_historically_authoritative,not_assessed,,unresolved,not_assessed,not_assessed,not_assessed,not_assessed,not_assessed,not_attempted,,,,,,not_applicable,historical_state_reconstructible_unresolved,pending_resolution,,false,Initialized offline; no repository acquisition or final eligibility decision performed.
post-stage-c-eligibility-manifest-v1,post-stage-c-reconstruction-v1,post-stage-c-eligibility-v1,dir-tfg-v2,CASE_43E88314E461,processable,cases/conversations/CASE_43E88314E461/stage_c_extraction_v5.json,3f1abd1485ab6d0b21fc24a1ea92f1fbd5600bed1cf527adaf5b5dee9a93b357,validated,2023-12-13T21:43:38.610726+00:00,timestamp,derivable,first developer turn in parsed conversation,2023-12-13T21:44:11.190978+00:00,timestamp,derivable,turn_000004.create_time,tFG,yes,validated_authoritative_stage_c_family_response_target_boundary_and_tFG,groundlight/python-sdk,https://github.com/groundlight/python-sdk,142,cases/manifests/screened_PA_PN_cases.csv#CASE_43E88314E461,historically_evidenced_focal_pr_base_state_at_tFG,git_commit,fc1bc450b43ea96bb0b1de959d2be054e1e951e4,,candidate_only,stage_a_pr_base_sha_access_probe_not_historically_authoritative,not_assessed,,unresolved,not_assessed,not_assessed,not_assessed,not_assessed,not_assessed,not_attempted,,,,,,not_applicable,historical_state_reconstructible_unresolved,pending_resolution,,false,Initialized offline; no repository acquisition or final eligibility decision performed.
post-stage-c-eligibility-manifest-v1,post-stage-c-reconstruction-v1,post-stage-c-eligibility-v1,dir-tfg-v2,CASE_50556C8D545F,processable,cases/conversations/CASE_50556C8D545F/stage_c_extraction_v5.json,87b32bc1584cab422fcdae4c6bd9374d02203ac58f3982b3a1ee0b64ee71bcdb,validated,2023-10-23T20:09:52.927538+00:00,timestamp,derivable,first developer turn in parsed conversation,2023-10-23T20:10:13.700623+00:00,timestamp,derivable,turn_000003.create_time,tFG,yes,validated_authoritative_stage_c_family_response_target_boundary_and_tFG,VOICEVOX/voicevox_core,https://github.com/VOICEVOX/voicevox_core,655,cases/manifests/screened_PA_PN_cases.csv#CASE_50556C8D545F,historically_evidenced_focal_pr_base_state_at_tFG,git_commit,bb08de7ff317186403fa2bf504b8c4c0797d8c8c,,candidate_only,stage_a_pr_base_sha_access_probe_not_historically_authoritative,not_assessed,,unresolved,not_assessed,not_assessed,not_assessed,not_assessed,not_assessed,not_attempted,,,,,,not_applicable,historical_state_reconstructible_unresolved,pending_resolution,,false,Initialized offline; no repository acquisition or final eligibility decision performed.
post-stage-c-eligibility-manifest-v1,post-stage-c-reconstruction-v1,post-stage-c-eligibility-v1,dir-tfg-v2,CASE_522F0F296F37,processable,cases/conversations/CASE_522F0F296F37/stage_c_extraction_v5.json,97467c39345b575965c076994394815eedc5a46f3e5f740c20f984bdc37af2c7,validated,2023-07-21T13:02:28.027542+00:00,timestamp,derivable,first developer turn in parsed conversation,2023-07-21T13:02:53.574420+00:00,timestamp,derivable,turn_000003.create_time,tFG,yes,validated_authoritative_stage_c_family_response_target_boundary_and_tFG,netdata/netdata,https://github.com/netdata/netdata,15485,cases/manifests/screened_PA_PN_cases.csv#CASE_522F0F296F37,historically_evidenced_focal_pr_base_state_at_tFG,git_commit,720e855ad5a8098fe24c413119f523c671a65f15,,candidate_only,stage_a_pr_base_sha_access_probe_not_historically_authoritative,not_assessed,,unresolved,not_assessed,not_assessed,not_assessed,not_assessed,not_assessed,not_attempted,,,,,,not_applicable,historical_state_reconstructible_unresolved,pending_resolution,,false,Initialized offline; no repository acquisition or final eligibility decision performed.
post-stage-c-eligibility-manifest-v1,post-stage-c-reconstruction-v1,post-stage-c-eligibility-v1,dir-tfg-v2,CASE_59209E5F12FB,processable,cases/conversations/CASE_59209E5F12FB/stage_c_extraction_v5.json,11c6cf35888b4f19e76df051cc9ed9083f16c004e8a497e7733ddedc9517c059,validated,2024-04-04T20:12:53.702419+00:00,timestamp,derivable,first developer turn in parsed conversation,2024-04-04T20:13:02.863768+00:00,timestamp,derivable,turn_000003.create_time,tFG,yes,validated_authoritative_stage_c_family_response_target_boundary_and_tFG,UNLV-CS472-672/2024-S-GROUP1-Roadwatch,https://github.com/UNLV-CS472-672/2024-S-GROUP1-Roadwatch,105,cases/manifests/screened_PA_PN_cases.csv#CASE_59209E5F12FB,historically_evidenced_focal_pr_base_state_at_tFG,git_commit,d0b9ee3df484fec3da54d7ca497939314b74cf44,,candidate_only,stage_a_pr_base_sha_access_probe_not_historically_authoritative,not_assessed,,unresolved,not_assessed,not_assessed,not_assessed,not_assessed,not_assessed,not_attempted,,,,,,not_applicable,historical_state_reconstructible_unresolved,pending_resolution,,false,Initialized offline; no repository acquisition or final eligibility decision performed.
post-stage-c-eligibility-manifest-v1,post-stage-c-reconstruction-v1,post-stage-c-eligibility-v1,dir-tfg-v2,CASE_5A3A043A5011,processable,cases/conversations/CASE_5A3A043A5011/stage_c_extraction_v5.json,8c5084c136868670d443bb6686cc4587701e00d4c1dfe051f82de3de22dd7d3f,validated,2023-08-13T08:05:19.653407+00:00,timestamp,derivable,first developer turn in parsed conversation,2023-08-13T08:05:30.672917+00:00,timestamp,derivable,turn_000003.create_time,tFG,yes,validated_authoritative_stage_c_family_response_target_boundary_and_tFG,QRTaxi/QRTaxi_Web,https://github.com/QRTaxi/QRTaxi_Web,29,cases/manifests/screened_PA_PN_cases.csv#CASE_5A3A043A5011,historically_evidenced_focal_pr_base_state_at_tFG,git_commit,302bd80c32222e2e878c456f94eeec660ba3c529,,candidate_only,stage_a_pr_base_sha_access_probe_not_historically_authoritative,not_assessed,,unresolved,not_assessed,not_assessed,not_assessed,not_assessed,not_assessed,not_attempted,,,,,,not_applicable,historical_state_reconstructible_unresolved,pending_resolution,,false,Initialized offline; no repository acquisition or final eligibility decision performed.
post-stage-c-eligibility-manifest-v1,post-stage-c-reconstruction-v1,post-stage-c-eligibility-v1,dir-tfg-v2,CASE_5C203B1DBF11,processable,cases/conversations/CASE_5C203B1DBF11/stage_c_extraction_v5.json,9c43ceb3890a291ed5534f80edd54ef2244b2d62df4cce5df547e8dd6b91b2e9,validated,2023-10-26T14:03:08.023419+00:00,timestamp,derivable,first developer turn in parsed conversation,2023-10-26T14:03:17.028444+00:00,timestamp,derivable,turn_000003.create_time,tFG,yes,validated_authoritative_stage_c_family_response_target_boundary_and_tFG,sveltejs/learn.svelte.dev,https://github.com/sveltejs/learn.svelte.dev,522,cases/manifests/screened_PA_PN_cases.csv#CASE_5C203B1DBF11,historically_evidenced_focal_pr_base_state_at_tFG,git_commit,0c9e5584bb97cc4e0cdb39eea1045b3d6dc5280f,,candidate_only,stage_a_pr_base_sha_access_probe_not_historically_authoritative,not_assessed,,unresolved,not_assessed,not_assessed,not_assessed,not_assessed,not_assessed,not_attempted,,,,,,not_applicable,historical_state_reconstructible_unresolved,pending_resolution,,false,Initialized offline; no repository acquisition or final eligibility decision performed.
post-stage-c-eligibility-manifest-v1,post-stage-c-reconstruction-v1,post-stage-c-eligibility-v1,dir-tfg-v2,CASE_5D45BE40E95A,processable,cases/conversations/CASE_5D45BE40E95A/stage_c_extraction_v5.json,8ebf8dbcf2186fe4a213b2c5b7f55ae31a7b02430c1de8f068d6c0348f4f19c6,validated,2023-10-02T23:05:55.804377+00:00,timestamp,derivable,first developer turn in parsed conversation,2023-10-02T23:06:13.290606+00:00,timestamp,derivable,turn_000003.create_time,tFG,yes,validated_authoritative_stage_c_family_response_target_boundary_and_tFG,nylas/nylas-python,https://github.com/nylas/nylas-python,279,cases/manifests/screened_PA_PN_cases.csv#CASE_5D45BE40E95A,historically_evidenced_focal_pr_base_state_at_tFG,git_commit,5c8de3c9ae7aa942992372f233538fd17aa5838d,,candidate_only,stage_a_pr_base_sha_access_probe_not_historically_authoritative,not_assessed,,unresolved,not_assessed,not_assessed,not_assessed,not_assessed,not_assessed,not_attempted,,,,,,not_applicable,historical_state_reconstructible_unresolved,pending_resolution,,false,Initialized offline; no repository acquisition or final eligibility decision performed.
post-stage-c-eligibility-manifest-v1,post-stage-c-reconstruction-v1,post-stage-c-eligibility-v1,dir-tfg-v2,CASE_5FC257622E18,processable,cases/conversations/CASE_5FC257622E18/stage_c_extraction_v5.json,2a34ef8cfca3164f4034aae527f963a49008b0f861f763f6c4a72af6ae90e40b,validated,2023-08-23T10:06:02.443150+00:00,timestamp,derivable,first developer turn in parsed conversation,2023-08-23T10:06:56.662222+00:00,timestamp,derivable,turn_000003.create_time,tFG,yes,validated_authoritative_stage_c_family_response_target_boundary_and_tFG,MrNeRF/gaussian-splatting-cuda,https://github.com/MrNeRF/LichtFeld-Studio,23,cases/manifests/screened_PA_PN_cases.csv#CASE_5FC257622E18,historically_evidenced_focal_pr_base_state_at_tFG,git_commit,49c604a6faab894e1dc4ce2443f349be1cbb810a,,candidate_only,stage_a_pr_base_sha_access_probe_not_historically_authoritative,not_assessed,,unresolved,not_assessed,not_assessed,not_assessed,not_assessed,not_assessed,not_attempted,,,,,,not_applicable,historical_state_reconstructible_unresolved,pending_resolution,,false,Initialized offline; no repository acquisition or final eligibility decision performed.
post-stage-c-eligibility-manifest-v1,post-stage-c-reconstruction-v1,post-stage-c-eligibility-v1,dir-tfg-v2,CASE_60CF5311F25C,processable,cases/conversations/CASE_60CF5311F25C/stage_c_extraction_v5.json,4831e860ad0363809629d014aaad7dc76cf0074237c6c4ada29a49bb98c03831,validated,2023-09-29T00:41:06.489203+00:00,timestamp,derivable,first developer turn in parsed conversation,2023-09-29T00:41:23.258596+00:00,timestamp,derivable,turn_000003.create_time,tFG,yes,validated_authoritative_stage_c_family_response_target_boundary_and_tFG,sCrypt-Inc/scryptTS-docs,https://github.com/sCrypt-Inc/scryptTS-docs,209,cases/manifests/screened_PA_PN_cases.csv#CASE_60CF5311F25C,historically_evidenced_focal_pr_base_state_at_tFG,git_commit,a3a209878fc6f4e9982ba24fa1d02584aac5733d,,candidate_only,stage_a_pr_base_sha_access_probe_not_historically_authoritative,not_assessed,,unresolved,not_assessed,not_assessed,not_assessed,not_assessed,not_assessed,not_attempted,,,,,,not_applicable,historical_state_reconstructible_unresolved,pending_resolution,,false,Initialized offline; no repository acquisition or final eligibility decision performed.
post-stage-c-eligibility-manifest-v1,post-stage-c-reconstruction-v1,post-stage-c-eligibility-v1,dir-tfg-v2,CASE_6413F3DD2F91,processable,cases/conversations/CASE_6413F3DD2F91/stage_c_extraction_v5.json,87903d90e10ccdb9ead5cd494971d8a26c512d6bfad9d83edd692c19e5c55c7b,validated,2024-03-05T20:20:08.577178+00:00,timestamp,derivable,first developer turn in parsed conversation,2024-03-05T20:20:12.845274+00:00,timestamp,derivable,turn_000003.create_time,tFG,yes,validated_authoritative_stage_c_family_response_target_boundary_and_tFG,g12-4soat/techlanches-lambda-auth,https://github.com/g12-4soat/techlanches-lambda-auth,1,cases/manifests/screened_PA_PN_cases.csv#CASE_6413F3DD2F91,historically_evidenced_focal_pr_base_state_at_tFG,git_commit,52f141294602f95144999a94e73de26b17078055,,candidate_only,stage_a_pr_base_sha_access_probe_not_historically_authoritative,not_assessed,,unresolved,not_assessed,not_assessed,not_assessed,not_assessed,not_assessed,not_attempted,,,,,,not_applicable,historical_state_reconstructible_unresolved,pending_resolution,,false,Initialized offline; no repository acquisition or final eligibility decision performed.
post-stage-c-eligibility-manifest-v1,post-stage-c-reconstruction-v1,post-stage-c-eligibility-v1,dir-tfg-v2,CASE_6C2918844CE5,processable,cases/conversations/CASE_6C2918844CE5/stage_c_extraction_v5.json,a7770a72fc244398de4c49a5c5fc566a323e71f29ec7342715c0dca6e19e9a80,validated,2023-11-14T20:33:04.626020+00:00,timestamp,derivable,first developer turn in parsed conversation,2023-11-14T20:33:19.478217+00:00,timestamp,derivable,turn_000003.create_time,tFG,yes,validated_authoritative_stage_c_family_response_target_boundary_and_tFG,uchicago-cs/chigame,https://github.com/uchicago-cs/chigame,265,cases/manifests/screened_PA_PN_cases.csv#CASE_6C2918844CE5,historically_evidenced_focal_pr_base_state_at_tFG,git_commit,b1fe3f795e59b0f4dc3e671904cb622631386a61,,candidate_only,stage_a_pr_base_sha_access_probe_not_historically_authoritative,not_assessed,,unresolved,not_assessed,not_assessed,not_assessed,not_assessed,not_assessed,not_attempted,,,,,,not_applicable,historical_state_reconstructible_unresolved,pending_resolution,,false,Initialized offline; no repository acquisition or final eligibility decision performed.
post-stage-c-eligibility-manifest-v1,post-stage-c-reconstruction-v1,post-stage-c-eligibility-v1,dir-tfg-v2,CASE_6C65BC36BF60,processable,cases/conversations/CASE_6C65BC36BF60/stage_c_extraction_v5.json,bb70ae15a3580d51f74cb4847a0d00660daeb66a9ebff4b5b654a2ca596ce648,validated,2024-04-12T18:19:56.343297+00:00,timestamp,derivable,first developer turn in parsed conversation,2024-04-12T18:22:14.741758+00:00,timestamp,derivable,turn_000005.create_time,tFG,yes,validated_authoritative_stage_c_family_response_target_boundary_and_tFG,EthicApp-Development/ethicapp-main,https://github.com/EthicApp-Development/ethicapp-main,301,cases/manifests/screened_PA_PN_cases.csv#CASE_6C65BC36BF60,historically_evidenced_focal_pr_base_state_at_tFG,git_commit,f89a8c3e3efeb86a860e6c3ff35abb15b7125276,,candidate_only,stage_a_pr_base_sha_access_probe_not_historically_authoritative,not_assessed,,unresolved,not_assessed,not_assessed,not_assessed,not_assessed,not_assessed,not_attempted,,,,,,not_applicable,historical_state_reconstructible_unresolved,pending_resolution,,false,Initialized offline; no repository acquisition or final eligibility decision performed.
post-stage-c-eligibility-manifest-v1,post-stage-c-reconstruction-v1,post-stage-c-eligibility-v1,dir-tfg-v2,CASE_6DA0F9615A57,processable,cases/conversations/CASE_6DA0F9615A57/stage_c_extraction_v5.json,dbbe4ddb8a222169802b738c6a553df2cfb144805a00ac35b038912aa9c67fa7,validated,2023-07-12T10:53:31.263665+00:00,timestamp,derivable,first developer turn in parsed conversation,2023-07-12T10:56:20.468566+00:00,timestamp,derivable,turn_000007.create_time,tFG,yes,validated_authoritative_stage_c_family_response_target_boundary_and_tFG,mcagov/beacons,https://github.com/mcagov/beacons,539,cases/manifests/screened_PA_PN_cases.csv#CASE_6DA0F9615A57,historically_evidenced_focal_pr_base_state_at_tFG,git_commit,93011d68ad2ab924d3ddf4700798c35b0f93526f,,candidate_only,stage_a_pr_base_sha_access_probe_not_historically_authoritative,not_assessed,,unresolved,not_assessed,not_assessed,not_assessed,not_assessed,not_assessed,not_attempted,,,,,,not_applicable,historical_state_reconstructible_unresolved,pending_resolution,,false,Initialized offline; no repository acquisition or final eligibility decision performed.
post-stage-c-eligibility-manifest-v1,post-stage-c-reconstruction-v1,post-stage-c-eligibility-v1,dir-tfg-v2,CASE_6ECAEEE54BD9,processable,cases/conversations/CASE_6ECAEEE54BD9/stage_c_extraction_v5.json,c60538d7bc8d8cbb44664588265fe246a069debf246695f118bba58a58170e32,validated,2023-07-03T10:30:38.693688+00:00,timestamp,derivable,first developer turn in parsed conversation,2023-07-03T10:30:55.652206+00:00,timestamp,derivable,turn_000003.create_time,tFG,yes,validated_authoritative_stage_c_family_response_target_boundary_and_tFG,app-sre/qontract-reconcile,https://github.com/app-sre/qontract-reconcile,3630,cases/manifests/screened_PA_PN_cases.csv#CASE_6ECAEEE54BD9,historically_evidenced_focal_pr_base_state_at_tFG,git_commit,ea58999acee96823364a95dfd1554c8cb45854c3,,candidate_only,stage_a_pr_base_sha_access_probe_not_historically_authoritative,not_assessed,,unresolved,not_assessed,not_assessed,not_assessed,not_assessed,not_assessed,not_attempted,,,,,,not_applicable,historical_state_reconstructible_unresolved,pending_resolution,,false,Initialized offline; no repository acquisition or final eligibility decision performed.
post-stage-c-eligibility-manifest-v1,post-stage-c-reconstruction-v1,post-stage-c-eligibility-v1,dir-tfg-v2,CASE_72448D73D60F,processable,cases/conversations/CASE_72448D73D60F/stage_c_extraction_v5.json,0fbec12a67c87c40254bd7d16d6aa821325c39dfb2114d0fb231f1bc2752101b,validated,2023-11-16T02:12:44.435001+00:00,timestamp,derivable,first developer turn in parsed conversation,2023-11-16T02:13:13.571477+00:00,timestamp,derivable,turn_000003.create_time,tFG,yes,validated_authoritative_stage_c_family_response_target_boundary_and_tFG,Bananapus/nana-core,https://github.com/Bananapus/nana-core,37,cases/manifests/screened_PA_PN_cases.csv#CASE_72448D73D60F,historically_evidenced_focal_pr_base_state_at_tFG,git_commit,87ed59e2d40ef8136aafa28792fe07f89c80dbb5,,candidate_only,stage_a_pr_base_sha_access_probe_not_historically_authoritative,not_assessed,,unresolved,not_assessed,not_assessed,not_assessed,not_assessed,not_assessed,not_attempted,,,,,,not_applicable,historical_state_reconstructible_unresolved,pending_resolution,,false,Initialized offline; no repository acquisition or final eligibility decision performed.
post-stage-c-eligibility-manifest-v1,post-stage-c-reconstruction-v1,post-stage-c-eligibility-v1,dir-tfg-v2,CASE_7351FB1ECD56,processable,cases/conversations/CASE_7351FB1ECD56/stage_c_extraction_v5.json,21e608b5f5ae00aea53e0bc76f9c411a6d1ce0d1165de25a7e3c9c4c76faa1de,validated,2023-06-05T08:19:11.674399+00:00,timestamp,derivable,first developer turn in parsed conversation,2023-06-05T08:19:36.723423+00:00,timestamp,derivable,turn_000003.create_time,tFG,yes,validated_authoritative_stage_c_family_response_target_boundary_and_tFG,dust-tt/dust,https://github.com/dust-tt/dust,508,cases/manifests/screened_PA_PN_cases.csv#CASE_7351FB1ECD56,historically_evidenced_focal_pr_base_state_at_tFG,git_commit,21c04b5657f046d11bc2fd7dbb85b35d56649610,,candidate_only,stage_a_pr_base_sha_access_probe_not_historically_authoritative,not_assessed,,unresolved,not_assessed,not_assessed,not_assessed,not_assessed,not_assessed,not_attempted,,,,,,not_applicable,historical_state_reconstructible_unresolved,pending_resolution,,false,Initialized offline; no repository acquisition or final eligibility decision performed.
post-stage-c-eligibility-manifest-v1,post-stage-c-reconstruction-v1,post-stage-c-eligibility-v1,dir-tfg-v2,CASE_74FE6518B1D8,processable,cases/conversations/CASE_74FE6518B1D8/stage_c_extraction_v5.json,3c5ccd4320cb44654659f3c7d99d4bae6985996b2f21669729696c51027ee742,validated,2023-09-30T04:21:07.013909+00:00,timestamp,derivable,first developer turn in parsed conversation,2023-09-30T04:21:13.310784+00:00,timestamp,derivable,turn_000003.create_time,tFG,yes,validated_authoritative_stage_c_family_response_target_boundary_and_tFG,adobe/aem-core-forms-components,https://github.com/adobe/aem-core-forms-components,878,cases/manifests/screened_PA_PN_cases.csv#CASE_74FE6518B1D8,historically_evidenced_focal_pr_base_state_at_tFG,git_commit,f46f89a0b25d5ee61b98f81f5be71d397c3267db,,candidate_only,stage_a_pr_base_sha_access_probe_not_historically_authoritative,not_assessed,,unresolved,not_assessed,not_assessed,not_assessed,not_assessed,not_assessed,not_attempted,,,,,,not_applicable,historical_state_reconstructible_unresolved,pending_resolution,,false,Initialized offline; no repository acquisition or final eligibility decision performed.
post-stage-c-eligibility-manifest-v1,post-stage-c-reconstruction-v1,post-stage-c-eligibility-v1,dir-tfg-v2,CASE_77BDD439B74B,processable,cases/conversations/CASE_77BDD439B74B/stage_c_extraction_v5.json,5402c17a9f9be96757e5afb90bf94d359000c44b613fe0e55c0524edd7801219,validated,2023-11-17T03:45:35.385000+00:00,timestamp,derivable,first developer turn in parsed conversation,2023-11-17T03:45:45.804530+00:00,timestamp,derivable,turn_000004.create_time,tFG,yes,validated_authoritative_stage_c_family_response_target_boundary_and_tFG,chatwoot/chatwoot,https://github.com/chatwoot/chatwoot,8136,cases/manifests/screened_PA_PN_cases.csv#CASE_77BDD439B74B,historically_evidenced_focal_pr_base_state_at_tFG,git_commit,feead30b0b1af20e374f839276c41823491d933f,,candidate_only,stage_a_pr_base_sha_access_probe_not_historically_authoritative,not_assessed,,unresolved,not_assessed,not_assessed,not_assessed,not_assessed,not_assessed,not_attempted,,,,,,not_applicable,historical_state_reconstructible_unresolved,pending_resolution,,false,Initialized offline; no repository acquisition or final eligibility decision performed.
post-stage-c-eligibility-manifest-v1,post-stage-c-reconstruction-v1,post-stage-c-eligibility-v1,dir-tfg-v2,CASE_77D26276DFFD,processable,cases/conversations/CASE_77D26276DFFD/stage_c_extraction_v5.json,7db1b8baa4f43dd1f61f1aceaadb15c967a75f79522d266fe2ecf2cf369c107a,validated,2023-12-20T08:04:51.213189+00:00,timestamp,derivable,first developer turn in parsed conversation,2023-12-20T08:05:37.270477+00:00,timestamp,derivable,turn_000003.create_time,tFG,yes,validated_authoritative_stage_c_family_response_target_boundary_and_tFG,unity-atoms/unity-atoms,https://github.com/unity-atoms/unity-atoms,448,cases/manifests/screened_PA_PN_cases.csv#CASE_77D26276DFFD,historically_evidenced_focal_pr_base_state_at_tFG,git_commit,2e11570e7401177fa8e44f97ea08d939407b9ebd,,candidate_only,stage_a_pr_base_sha_access_probe_not_historically_authoritative,not_assessed,,unresolved,not_assessed,not_assessed,not_assessed,not_assessed,not_assessed,not_attempted,,,,,,not_applicable,historical_state_reconstructible_unresolved,pending_resolution,,false,Initialized offline; no repository acquisition or final eligibility decision performed.
post-stage-c-eligibility-manifest-v1,post-stage-c-reconstruction-v1,post-stage-c-eligibility-v1,dir-tfg-v2,CASE_7A2975A1686D,processable,cases/conversations/CASE_7A2975A1686D/stage_c_extraction_v5.json,6d4253d503cbb776f5a9355ef4ca71f7cc4237763aa1f77a7501cbab2d756fd3,validated,2023-06-27T23:33:38.144590+00:00,timestamp,derivable,first developer turn in parsed conversation,2023-06-27T23:34:36.584168+00:00,timestamp,derivable,turn_000005.create_time,tFG,yes,validated_authoritative_stage_c_family_response_target_boundary_and_tFG,globalbibletools/gbt,https://github.com/globalbibletools/gbt,114,cases/manifests/screened_PA_PN_cases.csv#CASE_7A2975A1686D,historically_evidenced_focal_pr_base_state_at_tFG,git_commit,e41d3e0e5667192c5add8b68c8fc7808b3612fc5,,candidate_only,stage_a_pr_base_sha_access_probe_not_historically_authoritative,not_assessed,,unresolved,not_assessed,not_assessed,not_assessed,not_assessed,not_assessed,not_attempted,,,,,,not_applicable,historical_state_reconstructible_unresolved,pending_resolution,,false,Initialized offline; no repository acquisition or final eligibility decision performed.
post-stage-c-eligibility-manifest-v1,post-stage-c-reconstruction-v1,post-stage-c-eligibility-v1,dir-tfg-v2,CASE_813B25949CF6,processable,cases/conversations/CASE_813B25949CF6/stage_c_extraction_v5.json,f322a1ca79525fad7f202342debab9307e9c82b004ea152599b2fc2a95676782,validated,2023-11-25T03:00:31.435024+00:00,timestamp,derivable,first developer turn in parsed conversation,2023-11-25T03:00:40.760965+00:00,timestamp,derivable,turn_000003.create_time,tFG,yes,validated_authoritative_stage_c_family_response_target_boundary_and_tFG,shakacode/heroku-to-control-plane,https://github.com/shakacode/control-plane-flow,114,cases/manifests/screened_PA_PN_cases.csv#CASE_813B25949CF6,historically_evidenced_focal_pr_base_state_at_tFG,git_commit,d8263b43daed771868433f1524c6b6746c6adc58,,candidate_only,stage_a_pr_base_sha_access_probe_not_historically_authoritative,not_assessed,,unresolved,not_assessed,not_assessed,not_assessed,not_assessed,not_assessed,not_attempted,,,,,,not_applicable,historical_state_reconstructible_unresolved,pending_resolution,,false,Initialized offline; no repository acquisition or final eligibility decision performed.
post-stage-c-eligibility-manifest-v1,post-stage-c-reconstruction-v1,post-stage-c-eligibility-v1,dir-tfg-v2,CASE_82C8812C7E0F,processable,cases/conversations/CASE_82C8812C7E0F/stage_c_extraction_v5.json,8a4f1b7dc2d247a607e4d817067c02b33ea64bad0aed240144235b3be49bb2cc,validated,2023-12-08T06:10:30.031750+00:00,timestamp,derivable,first developer turn in parsed conversation,2023-12-08T06:10:45.819429+00:00,timestamp,derivable,turn_000003.create_time,tFG,yes,validated_authoritative_stage_c_family_response_target_boundary_and_tFG,pyg-team/pytorch-frame,https://github.com/pyg-team/pytorch-frame,281,cases/manifests/screened_PA_PN_cases.csv#CASE_82C8812C7E0F,historically_evidenced_focal_pr_base_state_at_tFG,git_commit,4ef20f415eaab8f34061fcae8c0b82ce02ebe05d,,candidate_only,stage_a_pr_base_sha_access_probe_not_historically_authoritative,not_assessed,,unresolved,not_assessed,not_assessed,not_assessed,not_assessed,not_assessed,not_attempted,,,,,,not_applicable,historical_state_reconstructible_unresolved,pending_resolution,,false,Initialized offline; no repository acquisition or final eligibility decision performed.
post-stage-c-eligibility-manifest-v1,post-stage-c-reconstruction-v1,post-stage-c-eligibility-v1,dir-tfg-v2,CASE_84DFC90D3698,processable,cases/conversations/CASE_84DFC90D3698/stage_c_extraction_v5.json,91fbab9aee2908e804cb145ee17e96a4a3dae23f627179d5a773b3e907d954fc,validated,2023-06-23T14:18:07.144951+00:00,timestamp,derivable,first developer turn in parsed conversation,2023-06-23T14:20:15.098399+00:00,timestamp,derivable,turn_000018.create_time,tFG,yes,validated_authoritative_stage_c_family_response_target_boundary_and_tFG,qin-team-recipe/05-recipe-app,https://github.com/qin-team-recipe/05-recipe-app,62,cases/manifests/screened_PA_PN_cases.csv#CASE_84DFC90D3698,historically_evidenced_focal_pr_base_state_at_tFG,git_commit,5884f07031d482c574c8797d768fa259bc20a489,,candidate_only,stage_a_pr_base_sha_access_probe_not_historically_authoritative,not_assessed,,unresolved,not_assessed,not_assessed,not_assessed,not_assessed,not_assessed,not_attempted,,,,,,not_applicable,historical_state_reconstructible_unresolved,pending_resolution,,false,Initialized offline; no repository acquisition or final eligibility decision performed.
post-stage-c-eligibility-manifest-v1,post-stage-c-reconstruction-v1,post-stage-c-eligibility-v1,dir-tfg-v2,CASE_85AD863F8290,processable,cases/conversations/CASE_85AD863F8290/stage_c_extraction_v5.json,d17e986981e9b611728905cc3250ca2b9fc81545b0adde713e7df37d142cdfa9,validated,2024-01-09T07:35:13.463705+00:00,timestamp,derivable,first developer turn in parsed conversation,2024-01-09T07:36:25.716598+00:00,timestamp,derivable,turn_000003.create_time,tFG,yes,validated_authoritative_stage_c_family_response_target_boundary_and_tFG,alshedivat/al-folio,https://github.com/alshedivat/al-folio,2059,cases/manifests/screened_PA_PN_cases.csv#CASE_85AD863F8290,historically_evidenced_focal_pr_base_state_at_tFG,git_commit,50a2f674778b38016b4caf42a2cf318c6e8ee6c6,,unresolved,no_historically_qualifying_target_identity_claim,unresolved,,unresolved,unresolved,unavailable,not_assessed,not_assessed,not_assessed,unresolved,provider-01,data/derived/historical_information/CASE_85AD863F8290/historical_information_index_v1.json,cases/reconstruction/CASE_85AD863F8290/historical_state_acquisition_v1.json,temporal_relation_unresolved,present_day_pr_base_has_no_qualifying_historical_identity_evidence,not_applicable,historical_state_reconstructible_unresolved,pending_resolution,,false,Live pilot attempted; historical target identity remains unresolved.
post-stage-c-eligibility-manifest-v1,post-stage-c-reconstruction-v1,post-stage-c-eligibility-v1,dir-tfg-v2,CASE_8A756AAC10B8,processable,cases/conversations/CASE_8A756AAC10B8/stage_c_extraction_v5.json,1e5a700197e6a3dfd7769a3a95093f939506ae394fe39c929adf9e9447f65422,validated,2024-01-24T12:29:46.015073+00:00,timestamp,derivable,first developer turn in parsed conversation,2024-01-24T12:29:52.633607+00:00,timestamp,derivable,turn_000003.create_time,tFG,yes,validated_authoritative_stage_c_family_response_target_boundary_and_tFG,itpplasma/libneo,https://github.com/itpplasma/libneo,21,cases/manifests/screened_PA_PN_cases.csv#CASE_8A756AAC10B8,historically_evidenced_focal_pr_base_state_at_tFG,git_commit,cae2816141b3a7d3fbfb0d46728e5c9c6b9d0ca0,,candidate_only,stage_a_pr_base_sha_access_probe_not_historically_authoritative,not_assessed,,unresolved,not_assessed,not_assessed,not_assessed,not_assessed,not_assessed,not_attempted,,,,,,not_applicable,historical_state_reconstructible_unresolved,pending_resolution,,false,Initialized offline; no repository acquisition or final eligibility decision performed.
post-stage-c-eligibility-manifest-v1,post-stage-c-reconstruction-v1,post-stage-c-eligibility-v1,dir-tfg-v2,CASE_8A8D4442D5EB,processable,cases/conversations/CASE_8A8D4442D5EB/stage_c_extraction_v5.json,b1babf5315c0e262480cdc8c4d31e68326600c7679762c2c1490b79296feafc3,validated,2023-07-11T07:28:23.698188+00:00,timestamp,derivable,first developer turn in parsed conversation,2023-07-11T07:30:18.953972+00:00,timestamp,derivable,turn_000003.create_time,tFG,yes,validated_authoritative_stage_c_family_response_target_boundary_and_tFG,VOICEVOX/voicevox,https://github.com/VOICEVOX/voicevox,1384,cases/manifests/screened_PA_PN_cases.csv#CASE_8A8D4442D5EB,historically_evidenced_focal_pr_base_state_at_tFG,git_commit,a993a32479f2687fc52b5f39187dcc63cee8049d,,candidate_only,stage_a_pr_base_sha_access_probe_not_historically_authoritative,not_assessed,,unresolved,not_assessed,not_assessed,not_assessed,not_assessed,not_assessed,not_attempted,,,,,,not_applicable,historical_state_reconstructible_unresolved,pending_resolution,,false,Initialized offline; no repository acquisition or final eligibility decision performed.
post-stage-c-eligibility-manifest-v1,post-stage-c-reconstruction-v1,post-stage-c-eligibility-v1,dir-tfg-v2,CASE_91E13A588000,processable,cases/conversations/CASE_91E13A588000/stage_c_extraction_v5.json,c353898008feaa4b9d4fdd3ecb5750b235c73327d536e2df909603f9ba6212d1,validated,2023-06-15T18:24:58.254301+00:00,timestamp,derivable,first developer turn in parsed conversation,2023-06-15T18:25:25.619340+00:00,timestamp,derivable,turn_000003.create_time,tFG,yes,validated_authoritative_stage_c_family_response_target_boundary_and_tFG,pyspark-ai/pyspark-ai,https://github.com/pyspark-ai/pyspark-ai,1,cases/manifests/screened_PA_PN_cases.csv#CASE_91E13A588000,historically_evidenced_focal_pr_base_state_at_tFG,git_commit,9a8c2d584fa331a9682797da4f632609970cb0cf,,candidate_only,stage_a_pr_base_sha_access_probe_not_historically_authoritative,not_assessed,,unresolved,not_assessed,not_assessed,not_assessed,not_assessed,not_assessed,not_attempted,,,,,,not_applicable,historical_state_reconstructible_unresolved,pending_resolution,,false,Initialized offline; no repository acquisition or final eligibility decision performed.
post-stage-c-eligibility-manifest-v1,post-stage-c-reconstruction-v1,post-stage-c-eligibility-v1,dir-tfg-v2,CASE_9213ACECEA46,processable,cases/conversations/CASE_9213ACECEA46/stage_c_extraction_v5.json,3a84e9afa5813a439695808d0b0bd87588f13a7d60c151e88be1ad7a6e285810,validated,2024-05-03T14:48:05.263301+00:00,timestamp,derivable,first developer turn in parsed conversation,2024-05-03T14:48:15.355598+00:00,timestamp,derivable,turn_000003.create_time,tFG,yes,validated_authoritative_stage_c_family_response_target_boundary_and_tFG,aleph-im/aleph-vm,https://github.com/aleph-im/aleph-vm,460,cases/manifests/screened_PA_PN_cases.csv#CASE_9213ACECEA46,historically_evidenced_focal_pr_base_state_at_tFG,git_commit,cb0a9f9633e302e66e41477134d4c5403847c162,,candidate_only,stage_a_pr_base_sha_access_probe_not_historically_authoritative,not_assessed,,unresolved,not_assessed,not_assessed,not_assessed,not_assessed,not_assessed,not_attempted,,,,,,not_applicable,historical_state_reconstructible_unresolved,pending_resolution,,false,Initialized offline; no repository acquisition or final eligibility decision performed.
post-stage-c-eligibility-manifest-v1,post-stage-c-reconstruction-v1,post-stage-c-eligibility-v1,dir-tfg-v2,CASE_978B83E2DF72,processable,cases/conversations/CASE_978B83E2DF72/stage_c_extraction_v5.json,7d34b3b7eefece5c8623ad03b405fe5e1092427c32e96e61ad3228d34b42481f,validated,2023-11-23T04:34:40.305082+00:00,timestamp,derivable,first developer turn in parsed conversation,2023-11-23T04:34:55.099208+00:00,timestamp,derivable,turn_000004.create_time,tFG,yes,validated_authoritative_stage_c_family_response_target_boundary_and_tFG,BitBoxSwiss/bitbox-wallet-app,https://github.com/BitBoxSwiss/bitbox-wallet-app,2368,cases/manifests/screened_PA_PN_cases.csv#CASE_978B83E2DF72,historically_evidenced_focal_pr_base_state_at_tFG,git_commit,604c9041cd2c7ea6100433c49a1d448cb9dc36fd,,candidate_only,stage_a_pr_base_sha_access_probe_not_historically_authoritative,not_assessed,,unresolved,not_assessed,not_assessed,not_assessed,not_assessed,not_assessed,not_attempted,,,,,,not_applicable,historical_state_reconstructible_unresolved,pending_resolution,,false,Initialized offline; no repository acquisition or final eligibility decision performed.
post-stage-c-eligibility-manifest-v1,post-stage-c-reconstruction-v1,post-stage-c-eligibility-v1,dir-tfg-v2,CASE_97AFC2022473,processable,cases/conversations/CASE_97AFC2022473/stage_c_extraction_v5.json,2fa5e3f4cd4b6ee0072fed981e347d5076b5e65ae2027bd3812a75fdee3ff6d5,validated,2023-12-13T16:35:42.372307+00:00,timestamp,derivable,first developer turn in parsed conversation,2023-12-13T16:35:54.603014+00:00,timestamp,derivable,turn_000003.create_time,tFG,yes,validated_authoritative_stage_c_family_response_target_boundary_and_tFG,equinix/metal-cli,https://github.com/equinix/metal-cli,405,cases/manifests/screened_PA_PN_cases.csv#CASE_97AFC2022473,historically_evidenced_focal_pr_base_state_at_tFG,git_commit,45b7930af5a1b856e8d208637b5c009dfa65d5f7,,unresolved,no_historically_qualifying_target_identity_claim,unresolved,,unresolved,unresolved,available,not_assessed,not_assessed,not_assessed,unresolved,provider-01,data/derived/historical_information/CASE_97AFC2022473/historical_information_index_v1.json,cases/reconstruction/CASE_97AFC2022473/historical_state_acquisition_v1.json,temporal_relation_unresolved,present_day_pr_base_has_no_qualifying_historical_identity_evidence,not_applicable,historical_state_reconstructible_unresolved,pending_resolution,,false,Live pilot attempted; historical target identity remains unresolved.
post-stage-c-eligibility-manifest-v1,post-stage-c-reconstruction-v1,post-stage-c-eligibility-v1,dir-tfg-v2,CASE_98B41CACA483,processable,cases/conversations/CASE_98B41CACA483/stage_c_extraction_v5.json,465f3323b13d23d83d0f5cba87fc18e9682a4e7467588db61718e8234ec8a368,validated,2023-09-02T12:57:25.658190+00:00,timestamp,derivable,first developer turn in parsed conversation,2023-09-02T12:57:57.488403+00:00,timestamp,derivable,turn_000004.create_time,tFG,yes,validated_authoritative_stage_c_family_response_target_boundary_and_tFG,23-OSSCA-python-mysql-replication/python-mysql-replication,https://github.com/python-mysql-replication-kr/python-mysql-replication,79,cases/manifests/screened_PA_PN_cases.csv#CASE_98B41CACA483,historically_evidenced_focal_pr_base_state_at_tFG,git_commit,a19a5a5bc329af26a9713f11239c9d1d1a939cac,,candidate_only,stage_a_pr_base_sha_access_probe_not_historically_authoritative,not_assessed,,unresolved,not_assessed,not_assessed,not_assessed,not_assessed,not_assessed,not_attempted,,,,,,not_applicable,historical_state_reconstructible_unresolved,pending_resolution,,false,Initialized offline; no repository acquisition or final eligibility decision performed.
post-stage-c-eligibility-manifest-v1,post-stage-c-reconstruction-v1,post-stage-c-eligibility-v1,dir-tfg-v2,CASE_99D45A6BFF86,processable,cases/conversations/CASE_99D45A6BFF86/stage_c_extraction_v5.json,7c5160ea292f84511dceb52395c7bc4930e82145e0a73394527c5e39479669c4,validated,2023-07-17T10:36:47.750404+00:00,timestamp,derivable,first developer turn in parsed conversation,2023-07-17T10:36:56.582774+00:00,timestamp,derivable,turn_000003.create_time,tFG,yes,validated_authoritative_stage_c_family_response_target_boundary_and_tFG,open-learning-exchange/myplanet,https://github.com/open-learning-exchange/myplanet,2232,cases/manifests/screened_PA_PN_cases.csv#CASE_99D45A6BFF86,historically_evidenced_focal_pr_base_state_at_tFG,git_commit,6f34bec1ee3baa0790928264a6f0491a5b226c69,,candidate_only,stage_a_pr_base_sha_access_probe_not_historically_authoritative,not_assessed,,unresolved,not_assessed,not_assessed,not_assessed,not_assessed,not_assessed,not_attempted,,,,,,not_applicable,historical_state_reconstructible_unresolved,pending_resolution,,false,Initialized offline; no repository acquisition or final eligibility decision performed.
post-stage-c-eligibility-manifest-v1,post-stage-c-reconstruction-v1,post-stage-c-eligibility-v1,dir-tfg-v2,CASE_9B31F94A6604,processable,cases/conversations/CASE_9B31F94A6604/stage_c_extraction_v5.json,ef26c9d99473148077caad3c6aabbedd263ac0b17d802af83401df95bbb6b08d,validated,2023-06-01T02:12:29.256477+00:00,timestamp,derivable,first developer turn in parsed conversation,2023-06-01T02:12:42.148960+00:00,timestamp,derivable,turn_000003.create_time,tFG,yes,validated_authoritative_stage_c_family_response_target_boundary_and_tFG,StreamSG/ABCWorkshop,https://github.com/StreamSG/ABCWorkshop,38,cases/manifests/screened_PA_PN_cases.csv#CASE_9B31F94A6604,historically_evidenced_focal_pr_base_state_at_tFG,git_commit,c6f806788d9c818537ab3bc974df7c9639bb54de,,candidate_only,stage_a_pr_base_sha_access_probe_not_historically_authoritative,not_assessed,,unresolved,not_assessed,not_assessed,not_assessed,not_assessed,not_assessed,not_attempted,,,,,,not_applicable,historical_state_reconstructible_unresolved,pending_resolution,,false,Initialized offline; no repository acquisition or final eligibility decision performed.
post-stage-c-eligibility-manifest-v1,post-stage-c-reconstruction-v1,post-stage-c-eligibility-v1,dir-tfg-v2,CASE_9E4D3DF1CDB9,processable,cases/conversations/CASE_9E4D3DF1CDB9/stage_c_extraction_v5.json,56e0ab58702ebeb8a2dccc5b9c8a681996184fcf3318005d275da687ee46a49a,validated,2023-07-13T21:17:13.705425+00:00,timestamp,derivable,first developer turn in parsed conversation,2023-07-13T21:17:21.868937+00:00,timestamp,derivable,turn_000003.create_time,tFG,yes,validated_authoritative_stage_c_family_response_target_boundary_and_tFG,laravel-json-api/core,https://github.com/laravel-json-api/core,12,cases/manifests/screened_PA_PN_cases.csv#CASE_9E4D3DF1CDB9,historically_evidenced_focal_pr_base_state_at_tFG,git_commit,7cbe4a8e70cbf8f8c8b2e8e75693c01eaacfe09b,,candidate_only,stage_a_pr_base_sha_access_probe_not_historically_authoritative,not_assessed,,unresolved,not_assessed,not_assessed,not_assessed,not_assessed,not_assessed,not_attempted,,,,,,not_applicable,historical_state_reconstructible_unresolved,pending_resolution,,false,Initialized offline; no repository acquisition or final eligibility decision performed.
post-stage-c-eligibility-manifest-v1,post-stage-c-reconstruction-v1,post-stage-c-eligibility-v1,dir-tfg-v2,CASE_A0301CC135FC,processable,cases/conversations/CASE_A0301CC135FC/stage_c_extraction_v5.json,98bfd31bdc4c80ca46972ebf18352ac3d2eea04c9bd4ab1152290725238c5116,validated,2024-03-06T09:48:27.180084+00:00,timestamp,derivable,first developer turn in parsed conversation,2024-03-06T09:48:39.965068+00:00,timestamp,derivable,turn_000003.create_time,tFG,yes,validated_authoritative_stage_c_family_response_target_boundary_and_tFG,jaoafa/VCSpeaker.kt,https://github.com/jaoafa/VCSpeaker.kt,70,cases/manifests/screened_PA_PN_cases.csv#CASE_A0301CC135FC,historically_evidenced_focal_pr_base_state_at_tFG,git_commit,537ab2d2fdf1763fb8e9fbcb04f1df62bbc685b4,,candidate_only,stage_a_pr_base_sha_access_probe_not_historically_authoritative,not_assessed,,unresolved,not_assessed,not_assessed,not_assessed,not_assessed,not_assessed,not_attempted,,,,,,not_applicable,historical_state_reconstructible_unresolved,pending_resolution,,false,Initialized offline; no repository acquisition or final eligibility decision performed.
post-stage-c-eligibility-manifest-v1,post-stage-c-reconstruction-v1,post-stage-c-eligibility-v1,dir-tfg-v2,CASE_A1DC1299D73A,processable,cases/conversations/CASE_A1DC1299D73A/stage_c_extraction_v5.json,456dee9675d372f3c2b6e6cc2412b3094b6ece831f6a620959a431db5667f7bf,validated,2024-04-11T21:03:11.627538+00:00,timestamp,derivable,first developer turn in parsed conversation,2024-04-11T21:03:17.338142+00:00,timestamp,derivable,turn_000003.create_time,tFG,yes,validated_authoritative_stage_c_family_response_target_boundary_and_tFG,UNLV-CS472-672/2024-S-GROUP1-Roadwatch,https://github.com/UNLV-CS472-672/2024-S-GROUP1-Roadwatch,120,cases/manifests/screened_PA_PN_cases.csv#CASE_A1DC1299D73A,historically_evidenced_focal_pr_base_state_at_tFG,git_commit,9545baf1f71923b4a5094dac707224c5d99497c4,,candidate_only,stage_a_pr_base_sha_access_probe_not_historically_authoritative,not_assessed,,unresolved,not_assessed,not_assessed,not_assessed,not_assessed,not_assessed,not_attempted,,,,,,not_applicable,historical_state_reconstructible_unresolved,pending_resolution,,false,Initialized offline; no repository acquisition or final eligibility decision performed.
post-stage-c-eligibility-manifest-v1,post-stage-c-reconstruction-v1,post-stage-c-eligibility-v1,dir-tfg-v2,CASE_A33FC2CCCA9D,processable,cases/conversations/CASE_A33FC2CCCA9D/stage_c_extraction_v5.json,8c26d84fd5f463146e673720e67c71209ff22ba7b9afd378f97ceab322cb333a,validated,2023-09-15T23:10:06.197984+00:00,timestamp,derivable,first developer turn in parsed conversation,2023-09-15T23:10:11.107760+00:00,timestamp,derivable,turn_000003.create_time,tFG,yes,validated_authoritative_stage_c_family_response_target_boundary_and_tFG,lcompilers/lpython,https://github.com/lcompilers/lpython,2323,cases/manifests/screened_PA_PN_cases.csv#CASE_A33FC2CCCA9D,historically_evidenced_focal_pr_base_state_at_tFG,git_commit,8b60246cdaa8110c10884cb767264651e9132fdd,,candidate_only,stage_a_pr_base_sha_access_probe_not_historically_authoritative,not_assessed,,unresolved,not_assessed,not_assessed,not_assessed,not_assessed,not_assessed,not_attempted,,,,,,not_applicable,historical_state_reconstructible_unresolved,pending_resolution,,false,Initialized offline; no repository acquisition or final eligibility decision performed.
post-stage-c-eligibility-manifest-v1,post-stage-c-reconstruction-v1,post-stage-c-eligibility-v1,dir-tfg-v2,CASE_A46532387B1B,processable,cases/conversations/CASE_A46532387B1B/stage_c_extraction_v5.json,b58f06a6fbebe20ab86249766092a4a22f92c849bdb488a36319dd699e42986f,validated,2024-04-21T05:31:49.620730+00:00,timestamp,derivable,first developer turn in parsed conversation,2024-04-21T05:31:55.125883+00:00,timestamp,derivable,turn_000003.create_time,tFG,yes,validated_authoritative_stage_c_family_response_target_boundary_and_tFG,UNLV-CS472-672/2024-S-GROUP3-Barbell,https://github.com/UNLV-CS472-672/2024-S-GROUP3-Barbell,229,cases/manifests/screened_PA_PN_cases.csv#CASE_A46532387B1B,historically_evidenced_focal_pr_base_state_at_tFG,git_commit,e80f0f66aba11ac37c0b9d6f37a6fc0d03a7538e,,candidate_only,stage_a_pr_base_sha_access_probe_not_historically_authoritative,not_assessed,,unresolved,not_assessed,not_assessed,not_assessed,not_assessed,not_assessed,not_attempted,,,,,,not_applicable,historical_state_reconstructible_unresolved,pending_resolution,,false,Initialized offline; no repository acquisition or final eligibility decision performed.
post-stage-c-eligibility-manifest-v1,post-stage-c-reconstruction-v1,post-stage-c-eligibility-v1,dir-tfg-v2,CASE_A48E956577BA,processable,cases/conversations/CASE_A48E956577BA/stage_c_extraction_v5.json,24423307c86875eb048185fee2c68b8ecae7b125e6f95bf1b7dab2419e5914f4,validated,2023-12-07T16:26:45.333439+00:00,timestamp,derivable,first developer turn in parsed conversation,2023-12-07T16:27:18.728553+00:00,timestamp,derivable,turn_000003.create_time,tFG,yes,validated_authoritative_stage_c_family_response_target_boundary_and_tFG,jwjacobson/jazz_repertoire,https://github.com/jwjacobson/jazztunes,65,cases/manifests/screened_PA_PN_cases.csv#CASE_A48E956577BA,historically_evidenced_focal_pr_base_state_at_tFG,git_commit,28181f194b752b6e98952772c9d92b9294b5196e,,candidate_only,stage_a_pr_base_sha_access_probe_not_historically_authoritative,not_assessed,,unresolved,not_assessed,not_assessed,not_assessed,not_assessed,not_assessed,not_attempted,,,,,,not_applicable,historical_state_reconstructible_unresolved,pending_resolution,,false,Initialized offline; no repository acquisition or final eligibility decision performed.
post-stage-c-eligibility-manifest-v1,post-stage-c-reconstruction-v1,post-stage-c-eligibility-v1,dir-tfg-v2,CASE_A4CDC94D210B,processable,cases/conversations/CASE_A4CDC94D210B/stage_c_extraction_v5.json,33a1c50bce0ad9d6acd7bb7e78f4512524d149da6416c171371903b75c3b3542,validated,2023-06-12T18:08:13.877268+00:00,timestamp,derivable,first developer turn in parsed conversation,2023-06-12T18:08:24.454929+00:00,timestamp,derivable,turn_000003.create_time,tFG,yes,validated_authoritative_stage_c_family_response_target_boundary_and_tFG,viets-software-club/truffle-ai-backend,https://github.com/viets-software-club/truffle-ai-backend,52,cases/manifests/screened_PA_PN_cases.csv#CASE_A4CDC94D210B,historically_evidenced_focal_pr_base_state_at_tFG,git_commit,0406fc9d758332f40864249f449317caa79e28d7,,candidate_only,stage_a_pr_base_sha_access_probe_not_historically_authoritative,not_assessed,,unresolved,not_assessed,not_assessed,not_assessed,not_assessed,not_assessed,not_attempted,,,,,,not_applicable,historical_state_reconstructible_unresolved,pending_resolution,,false,Initialized offline; no repository acquisition or final eligibility decision performed.
post-stage-c-eligibility-manifest-v1,post-stage-c-reconstruction-v1,post-stage-c-eligibility-v1,dir-tfg-v2,CASE_AADA2C787EEE,processable,cases/conversations/CASE_AADA2C787EEE/stage_c_extraction_v5_aada_v2_retry_01.json,97e79daae2f15322006e385bc57227101fc8b259e33920e56c3f2a35a0048451,validated,2023-07-17T12:55:01.242029+00:00,timestamp,derivable,first developer turn in parsed conversation,2023-07-17T12:56:44.032860+00:00,timestamp,derivable,turn_000005.create_time,tFG,yes,validated_authoritative_stage_c_family_response_target_boundary_and_tFG,open-learning-exchange/myplanet,https://github.com/open-learning-exchange/myplanet,2231,cases/manifests/screened_PA_PN_cases.csv#CASE_AADA2C787EEE,historically_evidenced_focal_pr_base_state_at_tFG,git_commit,4a945cbb5a3b9a764839b780c759790f01b7df7c,,candidate_only,stage_a_pr_base_sha_access_probe_not_historically_authoritative,not_assessed,,unresolved,not_assessed,not_assessed,not_assessed,not_assessed,not_assessed,not_attempted,,,,,,not_applicable,historical_state_reconstructible_unresolved,pending_resolution,,false,Initialized offline; no repository acquisition or final eligibility decision performed.
post-stage-c-eligibility-manifest-v1,post-stage-c-reconstruction-v1,post-stage-c-eligibility-v1,dir-tfg-v2,CASE_AB42B2598A84,processable,cases/conversations/CASE_AB42B2598A84/stage_c_extraction_v5.json,1dad60e68ec78e8e87574f1e59dcd5ef975418bff8320d305220644ed6be486a,validated,2024-01-08T11:48:08.393214+00:00,timestamp,derivable,first developer turn in parsed conversation,2024-01-08T11:48:53.299044+00:00,timestamp,derivable,turn_000003.create_time,tFG,yes,validated_authoritative_stage_c_family_response_target_boundary_and_tFG,Altinn/altinn-broker,https://github.com/Altinn/altinn-broker,259,cases/manifests/screened_PA_PN_cases.csv#CASE_AB42B2598A84,historically_evidenced_focal_pr_base_state_at_tFG,git_commit,51f462f00587762552d6caf1135aaccbaad36d90,,candidate_only,stage_a_pr_base_sha_access_probe_not_historically_authoritative,not_assessed,,unresolved,not_assessed,not_assessed,not_assessed,not_assessed,not_assessed,not_attempted,,,,,,not_applicable,historical_state_reconstructible_unresolved,pending_resolution,,false,Initialized offline; no repository acquisition or final eligibility decision performed.
post-stage-c-eligibility-manifest-v1,post-stage-c-reconstruction-v1,post-stage-c-eligibility-v1,dir-tfg-v2,CASE_AD8C4F13A90B,processable,cases/conversations/CASE_AD8C4F13A90B/stage_c_extraction_v5.json,e6770ee2b0eb7a0d0d01f519c1301db4a1224e12a6cc7d6a6311bfdc551f28d6,validated,2023-09-05T05:08:46.868780+00:00,timestamp,derivable,first developer turn in parsed conversation,2023-09-05T05:08:56.471521+00:00,timestamp,derivable,turn_000003.create_time,tFG,yes,validated_authoritative_stage_c_family_response_target_boundary_and_tFG,WordPress/gutenberg,https://github.com/WordPress/gutenberg,54172,cases/manifests/screened_PA_PN_cases.csv#CASE_AD8C4F13A90B,historically_evidenced_focal_pr_base_state_at_tFG,git_commit,04687216ba67e6ebace4a5662aa117da1b6bf7a3,,candidate_only,stage_a_pr_base_sha_access_probe_not_historically_authoritative,not_assessed,,unresolved,not_assessed,not_assessed,not_assessed,not_assessed,not_assessed,not_attempted,,,,,,not_applicable,historical_state_reconstructible_unresolved,pending_resolution,,false,Initialized offline; no repository acquisition or final eligibility decision performed.
post-stage-c-eligibility-manifest-v1,post-stage-c-reconstruction-v1,post-stage-c-eligibility-v1,dir-tfg-v2,CASE_B0892F2A5485,processable,cases/conversations/CASE_B0892F2A5485/stage_c_extraction_v5.json,7c7a8b66873b07866ae552229844110368781a1cc64f2a65a6baf0bc512f10e3,validated,2024-02-14T20:21:33.196922+00:00,timestamp,derivable,first developer turn in parsed conversation,2024-02-14T20:21:41.599236+00:00,timestamp,derivable,turn_000003.create_time,tFG,yes,validated_authoritative_stage_c_family_response_target_boundary_and_tFG,VyProductions/SeniorDesign,https://github.com/VyProductions/SeniorDesign,57,cases/manifests/screened_PA_PN_cases.csv#CASE_B0892F2A5485,historically_evidenced_focal_pr_base_state_at_tFG,git_commit,81d6f3ffb1f8a74402a33ad65489caf80fb0336c,,candidate_only,stage_a_pr_base_sha_access_probe_not_historically_authoritative,not_assessed,,unresolved,not_assessed,not_assessed,not_assessed,not_assessed,not_assessed,not_attempted,,,,,,not_applicable,historical_state_reconstructible_unresolved,pending_resolution,,false,Initialized offline; no repository acquisition or final eligibility decision performed.
post-stage-c-eligibility-manifest-v1,post-stage-c-reconstruction-v1,post-stage-c-eligibility-v1,dir-tfg-v2,CASE_B0A21EE800C0,processable,cases/conversations/CASE_B0A21EE800C0/stage_c_extraction_v5.json,e6cf9fadb4284e377b351965d6a4f568709a0b5b900652133e397b6c2ccae5ef,validated,2023-09-18T10:32:34.847554+00:00,timestamp,derivable,first developer turn in parsed conversation,2023-09-18T10:32:45.973662+00:00,timestamp,derivable,turn_000003.create_time,tFG,yes,validated_authoritative_stage_c_family_response_target_boundary_and_tFG,faker-js/faker,https://github.com/faker-js/faker,2405,cases/manifests/screened_PA_PN_cases.csv#CASE_B0A21EE800C0,historically_evidenced_focal_pr_base_state_at_tFG,git_commit,fd6557e4b3716ebe41aa38a58b4ae112e6baf0d2,,candidate_only,stage_a_pr_base_sha_access_probe_not_historically_authoritative,not_assessed,,unresolved,not_assessed,not_assessed,not_assessed,not_assessed,not_assessed,not_attempted,,,,,,not_applicable,historical_state_reconstructible_unresolved,pending_resolution,,false,Initialized offline; no repository acquisition or final eligibility decision performed.
post-stage-c-eligibility-manifest-v1,post-stage-c-reconstruction-v1,post-stage-c-eligibility-v1,dir-tfg-v2,CASE_B27322676691,processable,cases/conversations/CASE_B27322676691/stage_c_extraction_v5.json,8f65607cd760c36db215d0b53c1e4944e2cef5af782ff2273bf8435307dc15f8,validated,2023-05-31T20:14:44.129139+00:00,timestamp,derivable,first developer turn in parsed conversation,2023-05-31T20:15:15.484299+00:00,timestamp,derivable,turn_000003.create_time,tFG,yes,validated_authoritative_stage_c_family_response_target_boundary_and_tFG,wahanegi/vibereport,https://github.com/wahanegi/vibereport,64,cases/manifests/screened_PA_PN_cases.csv#CASE_B27322676691,historically_evidenced_focal_pr_base_state_at_tFG,git_commit,a4dd7f135bb5c0ad8cf40bc97ba8d047f37436c3,,candidate_only,stage_a_pr_base_sha_access_probe_not_historically_authoritative,not_assessed,,unresolved,not_assessed,not_assessed,not_assessed,not_assessed,not_assessed,not_attempted,,,,,,not_applicable,historical_state_reconstructible_unresolved,pending_resolution,,false,Initialized offline; no repository acquisition or final eligibility decision performed.
post-stage-c-eligibility-manifest-v1,post-stage-c-reconstruction-v1,post-stage-c-eligibility-v1,dir-tfg-v2,CASE_B98070F8A24D,processable,cases/conversations/CASE_B98070F8A24D/stage_c_extraction_v5.json,cef5373edcfe3cadbb4f7f2c6ffa2e583592d0eb3769715b637af7ae5db8e394,validated,2023-11-22T09:49:48.179225+00:00,timestamp,derivable,first developer turn in parsed conversation,2023-11-22T09:50:27.931547+00:00,timestamp,derivable,turn_000004.create_time,tFG,yes,validated_authoritative_stage_c_family_response_target_boundary_and_tFG,pass-culture/pass-culture-main,https://github.com/pass-culture/pass-culture-main,9227,cases/manifests/screened_PA_PN_cases.csv#CASE_B98070F8A24D,historically_evidenced_focal_pr_base_state_at_tFG,git_commit,f928f03f9bf267c505f449dd540c8b3985bcbdc8,,candidate_only,stage_a_pr_base_sha_access_probe_not_historically_authoritative,not_assessed,,unresolved,not_assessed,not_assessed,not_assessed,not_assessed,not_assessed,not_attempted,,,,,,not_applicable,historical_state_reconstructible_unresolved,pending_resolution,,false,Initialized offline; no repository acquisition or final eligibility decision performed.
post-stage-c-eligibility-manifest-v1,post-stage-c-reconstruction-v1,post-stage-c-eligibility-v1,dir-tfg-v2,CASE_B9E914A3762C,processable,cases/conversations/CASE_B9E914A3762C/stage_c_extraction_v5.json,5203a4a9bb45453e0e129ceb04f43ae4c7d5c148e3da50d003114ee3093e9321,validated,2023-12-21T13:44:45.454568+00:00,timestamp,derivable,first developer turn in parsed conversation,2023-12-21T13:45:06.739286+00:00,timestamp,derivable,turn_000003.create_time,tFG,yes,validated_authoritative_stage_c_family_response_target_boundary_and_tFG,ory/elements,https://github.com/ory/elements,171,cases/manifests/screened_PA_PN_cases.csv#CASE_B9E914A3762C,historically_evidenced_focal_pr_base_state_at_tFG,git_commit,87f0f2478687700837b8e0fa1a28e5d64c5fb57a,,candidate_only,stage_a_pr_base_sha_access_probe_not_historically_authoritative,not_assessed,,unresolved,not_assessed,not_assessed,not_assessed,not_assessed,not_assessed,not_attempted,,,,,,not_applicable,historical_state_reconstructible_unresolved,pending_resolution,,false,Initialized offline; no repository acquisition or final eligibility decision performed.
post-stage-c-eligibility-manifest-v1,post-stage-c-reconstruction-v1,post-stage-c-eligibility-v1,dir-tfg-v2,CASE_BD187BC12672,processable,cases/conversations/CASE_BD187BC12672/stage_c_extraction_v5.json,db3ee20e8ae6454ac613768563265059a5eb0b9ff6b3a34aebbb7e1160c15345,validated,2023-05-31T19:28:06.583832+00:00,timestamp,derivable,first developer turn in parsed conversation,2023-05-31T19:28:34.435239+00:00,timestamp,derivable,turn_000003.create_time,tFG,yes,validated_authoritative_stage_c_family_response_target_boundary_and_tFG,mdn/content,https://github.com/mdn/content,27070,cases/manifests/screened_PA_PN_cases.csv#CASE_BD187BC12672,historically_evidenced_focal_pr_base_state_at_tFG,git_commit,5b5fadb2cb1d21c43abacffe2f58ab4ec76ca543,,candidate_only,stage_a_pr_base_sha_access_probe_not_historically_authoritative,not_assessed,,unresolved,not_assessed,not_assessed,not_assessed,not_assessed,not_assessed,not_attempted,,,,,,not_applicable,historical_state_reconstructible_unresolved,pending_resolution,,false,Initialized offline; no repository acquisition or final eligibility decision performed.
post-stage-c-eligibility-manifest-v1,post-stage-c-reconstruction-v1,post-stage-c-eligibility-v1,dir-tfg-v2,CASE_BD3DEF3FC202,processable,cases/conversations/CASE_BD3DEF3FC202/stage_c_extraction_v5.json,f61ff2a98a11e75a15b8678a6593d253dc736ba7ec07aa2acb195427bc4d04d3,validated,2023-06-28T18:18:10.292608+00:00,timestamp,derivable,first developer turn in parsed conversation,2023-06-28T18:18:28.582688+00:00,timestamp,derivable,turn_000003.create_time,tFG,yes,validated_authoritative_stage_c_family_response_target_boundary_and_tFG,temporalio/temporal,https://github.com/temporalio/temporal,4558,cases/manifests/screened_PA_PN_cases.csv#CASE_BD3DEF3FC202,historically_evidenced_focal_pr_base_state_at_tFG,git_commit,2a22821b41ea8da452738086b4df30391a92f803,,candidate_only,stage_a_pr_base_sha_access_probe_not_historically_authoritative,not_assessed,,unresolved,not_assessed,not_assessed,not_assessed,not_assessed,not_assessed,not_attempted,,,,,,not_applicable,historical_state_reconstructible_unresolved,pending_resolution,,false,Initialized offline; no repository acquisition or final eligibility decision performed.
post-stage-c-eligibility-manifest-v1,post-stage-c-reconstruction-v1,post-stage-c-eligibility-v1,dir-tfg-v2,CASE_BFB2599E145D,processable,cases/conversations/CASE_BFB2599E145D/stage_c_extraction_v5.json,d5f543692ed2df9c0253985b28238232e3813b6cd97691c0d99e814909300ede,validated,2023-11-30T08:40:08.698626+00:00,timestamp,derivable,first developer turn in parsed conversation,2023-11-30T08:40:22.179209+00:00,timestamp,derivable,turn_000003.create_time,tFG,yes,validated_authoritative_stage_c_family_response_target_boundary_and_tFG,hufscheer/client,https://github.com/hufscheer/web-v1,119,cases/manifests/screened_PA_PN_cases.csv#CASE_BFB2599E145D,historically_evidenced_focal_pr_base_state_at_tFG,git_commit,3a56f30491f7a44e4c49d094e44b1c18ded8cdad,,unresolved,no_historically_qualifying_target_identity_claim,unresolved,,unresolved,unresolved,unavailable,not_assessed,not_assessed,not_assessed,unresolved,provider-01,data/derived/historical_information/CASE_BFB2599E145D/historical_information_index_v1.json,cases/reconstruction/CASE_BFB2599E145D/historical_state_acquisition_v1.json,temporal_relation_unresolved,present_day_pr_base_has_no_qualifying_historical_identity_evidence,not_applicable,historical_state_reconstructible_unresolved,pending_resolution,,false,Live pilot attempted; historical target identity remains unresolved.
post-stage-c-eligibility-manifest-v1,post-stage-c-reconstruction-v1,post-stage-c-eligibility-v1,dir-tfg-v2,CASE_C0D08BE70845,processable,cases/conversations/CASE_C0D08BE70845/stage_c_extraction_v5.json,54cf621a0d28b14644739acfe690e5f8317f0d17c3b911af5e5d6aaaab94e8f6,validated,2024-04-03T14:13:42.318441+00:00,timestamp,derivable,first developer turn in parsed conversation,2024-04-03T14:15:29.912515+00:00,timestamp,derivable,turn_000007.create_time,tFG,yes,validated_authoritative_stage_c_family_response_target_boundary_and_tFG,formbricks/formbricks,https://github.com/formbricks/formbricks,2351,cases/manifests/screened_PA_PN_cases.csv#CASE_C0D08BE70845,historically_evidenced_focal_pr_base_state_at_tFG,git_commit,9f7cb7c1b999bfd6ebb903a2cbf760ea371cf962,,candidate_only,stage_a_pr_base_sha_access_probe_not_historically_authoritative,not_assessed,,unresolved,not_assessed,not_assessed,not_assessed,not_assessed,not_assessed,not_attempted,,,,,,not_applicable,historical_state_reconstructible_unresolved,pending_resolution,,false,Initialized offline; no repository acquisition or final eligibility decision performed.
post-stage-c-eligibility-manifest-v1,post-stage-c-reconstruction-v1,post-stage-c-eligibility-v1,dir-tfg-v2,CASE_C482978A9FE9,processable,cases/conversations/CASE_C482978A9FE9/stage_c_extraction_v5.json,5d77d2dbe28e6945a6bc2de237004afa8287b57aa34339e2776aab64c003da8a,validated,2023-09-11T00:04:47.774569+00:00,timestamp,derivable,first developer turn in parsed conversation,2023-09-11T00:04:52.102398+00:00,timestamp,derivable,turn_000004.create_time,tFG,yes,validated_authoritative_stage_c_family_response_target_boundary_and_tFG,cataclysmbnteam/Cataclysm-BN,https://github.com/cataclysmbn/Cataclysm-BN,3130,cases/manifests/screened_PA_PN_cases.csv#CASE_C482978A9FE9,historically_evidenced_focal_pr_base_state_at_tFG,git_commit,3702256ff8c618942a2e124b63b81e0f88283a4a,,candidate_only,stage_a_pr_base_sha_access_probe_not_historically_authoritative,not_assessed,,unresolved,not_assessed,not_assessed,not_assessed,not_assessed,not_assessed,not_attempted,,,,,,not_applicable,historical_state_reconstructible_unresolved,pending_resolution,,false,Initialized offline; no repository acquisition or final eligibility decision performed.
post-stage-c-eligibility-manifest-v1,post-stage-c-reconstruction-v1,post-stage-c-eligibility-v1,dir-tfg-v2,CASE_C95F69523646,processable,cases/conversations/CASE_C95F69523646/stage_c_extraction_v5.json,9f494eb386a5e01ab677ca8c3db6229d7524f5479d338080ccecac5aed027d2b,validated,2023-11-24T00:47:41.723136+00:00,timestamp,derivable,first developer turn in parsed conversation,2023-11-24T00:47:52.143178+00:00,timestamp,derivable,turn_000003.create_time,tFG,yes,validated_authoritative_stage_c_family_response_target_boundary_and_tFG,codeigniter4/CodeIgniter4,https://github.com/codeigniter4/CodeIgniter4,8230,cases/manifests/screened_PA_PN_cases.csv#CASE_C95F69523646,historically_evidenced_focal_pr_base_state_at_tFG,git_commit,fff45081216ff025bd5e6138ae33338c65eb33d3,,candidate_only,stage_a_pr_base_sha_access_probe_not_historically_authoritative,not_assessed,,unresolved,not_assessed,not_assessed,not_assessed,not_assessed,not_assessed,not_attempted,,,,,,not_applicable,historical_state_reconstructible_unresolved,pending_resolution,,false,Initialized offline; no repository acquisition or final eligibility decision performed.
post-stage-c-eligibility-manifest-v1,post-stage-c-reconstruction-v1,post-stage-c-eligibility-v1,dir-tfg-v2,CASE_CDFEF66FCEAA,processable,cases/conversations/CASE_CDFEF66FCEAA/stage_c_extraction_v5.json,5594cf6b7aaf508e2f0387d23c27052eaad7a988c04c9986174f076bef9c981b,validated,2023-07-05T01:12:38.976834+00:00,timestamp,derivable,first developer turn in parsed conversation,2023-07-05T01:12:41.129201+00:00,timestamp,derivable,turn_000003.create_time,tFG,yes,validated_authoritative_stage_c_family_response_target_boundary_and_tFG,SSWConsulting/SSW.Website,https://github.com/SSWConsulting/SSW.Website,931,cases/manifests/screened_PA_PN_cases.csv#CASE_CDFEF66FCEAA,historically_evidenced_focal_pr_base_state_at_tFG,git_commit,4494a43d37265a3010a907cc1399f1aa9256e8d0,,candidate_only,stage_a_pr_base_sha_access_probe_not_historically_authoritative,not_assessed,,unresolved,not_assessed,not_assessed,not_assessed,not_assessed,not_assessed,not_attempted,,,,,,not_applicable,historical_state_reconstructible_unresolved,pending_resolution,,false,Initialized offline; no repository acquisition or final eligibility decision performed.
post-stage-c-eligibility-manifest-v1,post-stage-c-reconstruction-v1,post-stage-c-eligibility-v1,dir-tfg-v2,CASE_CE4BF3CB944D,processable,cases/conversations/CASE_CE4BF3CB944D/stage_c_extraction_v5.json,a8e3a94d730c0062f11eff1b3a34a59b569c09176b161f1c16add7d130c5d7a7,validated,2024-01-19T20:27:30.612520+00:00,timestamp,derivable,first developer turn in parsed conversation,2024-01-19T20:28:03.030660+00:00,timestamp,derivable,turn_000003.create_time,tFG,yes,validated_authoritative_stage_c_family_response_target_boundary_and_tFG,pokt-network/poktroll,https://github.com/pokt-network/poktroll,338,cases/manifests/screened_PA_PN_cases.csv#CASE_CE4BF3CB944D,historically_evidenced_focal_pr_base_state_at_tFG,git_commit,67e4123c9e50aa2e56c25ef89136b75219348b04,,unresolved,no_historically_qualifying_target_identity_claim,unresolved,,unresolved,unresolved,available,not_assessed,not_assessed,not_assessed,unresolved,provider-01,data/derived/historical_information/CASE_CE4BF3CB944D/historical_information_index_v1.json,cases/reconstruction/CASE_CE4BF3CB944D/historical_state_acquisition_v1.json,temporal_relation_unresolved,present_day_pr_base_has_no_qualifying_historical_identity_evidence,not_applicable,historical_state_reconstructible_unresolved,pending_resolution,,false,Live pilot attempted; historical target identity remains unresolved.
post-stage-c-eligibility-manifest-v1,post-stage-c-reconstruction-v1,post-stage-c-eligibility-v1,dir-tfg-v2,CASE_CE6B20EEAAB5,processable,cases/conversations/CASE_CE6B20EEAAB5/stage_c_extraction_v6.json,9d05a3148def3a64db4ea1eb93e8b80f6a135d131591df359399b514dc038849,validated,2024-04-20T03:53:04.132330+00:00,timestamp,derivable,first developer turn in parsed conversation,2024-04-20T03:55:44.695452+00:00,timestamp,derivable,turn_000011.create_time,tFG,yes,validated_authoritative_stage_c_family_response_target_boundary_and_tFG,UNLV-CS472-672/2024-S-GROUP3-Barbell,https://github.com/UNLV-CS472-672/2024-S-GROUP3-Barbell,238,cases/manifests/screened_PA_PN_cases.csv#CASE_CE6B20EEAAB5,historically_evidenced_focal_pr_base_state_at_tFG,git_commit,f2819747c0dcdf607a6f12903bd990c9387638fb,,candidate_only,stage_a_pr_base_sha_access_probe_not_historically_authoritative,not_assessed,,unresolved,not_assessed,not_assessed,not_assessed,not_assessed,not_assessed,not_attempted,,,,,,not_applicable,historical_state_reconstructible_unresolved,pending_resolution,,false,Initialized offline; no repository acquisition or final eligibility decision performed.
post-stage-c-eligibility-manifest-v1,post-stage-c-reconstruction-v1,post-stage-c-eligibility-v1,dir-tfg-v2,CASE_D3D74721B407,processable,cases/conversations/CASE_D3D74721B407/stage_c_extraction_v5.json,d82e35ebb23df0c765d44127180d49b78f41d37020781f98c460265d6e720b54,validated,2024-04-23T07:53:06.802994+00:00,timestamp,derivable,first developer turn in parsed conversation,2024-04-23T07:53:15.218519+00:00,timestamp,derivable,turn_000003.create_time,tFG,yes,validated_authoritative_stage_c_family_response_target_boundary_and_tFG,UNLV-CS472-672/2024-S-GROUP3-Barbell,https://github.com/UNLV-CS472-672/2024-S-GROUP3-Barbell,223,cases/manifests/screened_PA_PN_cases.csv#CASE_D3D74721B407,historically_evidenced_focal_pr_base_state_at_tFG,git_commit,20ced9668ee7c9cf96188b2556807d1ec04c3363,,candidate_only,stage_a_pr_base_sha_access_probe_not_historically_authoritative,not_assessed,,unresolved,not_assessed,not_assessed,not_assessed,not_assessed,not_assessed,not_attempted,,,,,,not_applicable,historical_state_reconstructible_unresolved,pending_resolution,,false,Initialized offline; no repository acquisition or final eligibility decision performed.
post-stage-c-eligibility-manifest-v1,post-stage-c-reconstruction-v1,post-stage-c-eligibility-v1,dir-tfg-v2,CASE_D52C7AE8E2E7,processable,cases/conversations/CASE_D52C7AE8E2E7/stage_c_extraction_v5.json,3cca05a8338bd7e45df62c269e4d549bc326937f1ef5c31b76a1cc5f6a76c87c,validated,2023-12-05T16:34:40.580538+00:00,timestamp,derivable,first developer turn in parsed conversation,2023-12-05T16:35:02.796881+00:00,timestamp,derivable,turn_000003.create_time,tFG,yes,validated_authoritative_stage_c_family_response_target_boundary_and_tFG,pokt-network/poktroll,https://github.com/pokt-network/poktroll,220,cases/manifests/screened_PA_PN_cases.csv#CASE_D52C7AE8E2E7,historically_evidenced_focal_pr_base_state_at_tFG,git_commit,7d0c1c963873ca658067839dd127f2956cce0ef0,,candidate_only,stage_a_pr_base_sha_access_probe_not_historically_authoritative,not_assessed,,unresolved,not_assessed,not_assessed,not_assessed,not_assessed,not_assessed,not_attempted,,,,,,not_applicable,historical_state_reconstructible_unresolved,pending_resolution,,false,Initialized offline; no repository acquisition or final eligibility decision performed.
post-stage-c-eligibility-manifest-v1,post-stage-c-reconstruction-v1,post-stage-c-eligibility-v1,dir-tfg-v2,CASE_D59F0752944D,processable,cases/conversations/CASE_D59F0752944D/stage_c_extraction_v5.json,68b769a95eea50588fd3effb3ad59dd6170a2c9cc6f56025228d72282e6f4d3f,validated,2024-01-10T13:48:39.762270+00:00,timestamp,derivable,first developer turn in parsed conversation,2024-01-10T13:48:51.124078+00:00,timestamp,derivable,turn_000003.create_time,tFG,yes,validated_authoritative_stage_c_family_response_target_boundary_and_tFG,robotology/icub-models-generator,https://github.com/robotology/icub-models-generator,252,cases/manifests/screened_PA_PN_cases.csv#CASE_D59F0752944D,historically_evidenced_focal_pr_base_state_at_tFG,git_commit,cf90d5e2a6e96cc65c8652ee5e0900760145a957,,candidate_only,stage_a_pr_base_sha_access_probe_not_historically_authoritative,not_assessed,,unresolved,not_assessed,not_assessed,not_assessed,not_assessed,not_assessed,not_attempted,,,,,,not_applicable,historical_state_reconstructible_unresolved,pending_resolution,,false,Initialized offline; no repository acquisition or final eligibility decision performed.
post-stage-c-eligibility-manifest-v1,post-stage-c-reconstruction-v1,post-stage-c-eligibility-v1,dir-tfg-v2,CASE_D88ECC0E2921,processable,cases/conversations/CASE_D88ECC0E2921/stage_c_extraction_v5.json,105db91ad29c26d9a3cc541a3f817181dd062e5d549e7c0899c7a284f000f2c3,validated,2024-02-11T06:05:32.914164+00:00,timestamp,derivable,first developer turn in parsed conversation,2024-02-11T06:05:49.341140+00:00,timestamp,derivable,turn_000004.create_time,tFG,yes,validated_authoritative_stage_c_family_response_target_boundary_and_tFG,nishiki-tech/nishiki-frontend,https://github.com/nishiki-tech/nishiki-frontend,223,cases/manifests/screened_PA_PN_cases.csv#CASE_D88ECC0E2921,historically_evidenced_focal_pr_base_state_at_tFG,git_commit,d9c18e5dfa79b5fae551b9c4a23786a723816d7e,,candidate_only,stage_a_pr_base_sha_access_probe_not_historically_authoritative,not_assessed,,unresolved,not_assessed,not_assessed,not_assessed,not_assessed,not_assessed,not_attempted,,,,,,not_applicable,historical_state_reconstructible_unresolved,pending_resolution,,false,Initialized offline; no repository acquisition or final eligibility decision performed.
post-stage-c-eligibility-manifest-v1,post-stage-c-reconstruction-v1,post-stage-c-eligibility-v1,dir-tfg-v2,CASE_D988A0CE780E,processable,cases/conversations/CASE_D988A0CE780E/stage_c_extraction_v5.json,6d74562ccee33dac192ef6a0ba1c132eb82e5cd14dc93be1c33962aa22e53a8a,validated,2024-02-17T18:46:08.230819+00:00,timestamp,derivable,first developer turn in parsed conversation,2024-02-17T18:46:44.440159+00:00,timestamp,derivable,turn_000003.create_time,tFG,yes,validated_authoritative_stage_c_family_response_target_boundary_and_tFG,VOICEVOX/voicevox,https://github.com/VOICEVOX/voicevox,1844,cases/manifests/screened_PA_PN_cases.csv#CASE_D988A0CE780E,historically_evidenced_focal_pr_base_state_at_tFG,git_commit,aa1fdb64c6fc9655fac6f6d01424ef9b5e55b059,,candidate_only,stage_a_pr_base_sha_access_probe_not_historically_authoritative,not_assessed,,unresolved,not_assessed,not_assessed,not_assessed,not_assessed,not_assessed,not_attempted,,,,,,not_applicable,historical_state_reconstructible_unresolved,pending_resolution,,false,Initialized offline; no repository acquisition or final eligibility decision performed.
post-stage-c-eligibility-manifest-v1,post-stage-c-reconstruction-v1,post-stage-c-eligibility-v1,dir-tfg-v2,CASE_DB8B57C6DBEC,processable,cases/conversations/CASE_DB8B57C6DBEC/stage_c_extraction_v5.json,9f28c2c014bb829b797138173e57239f4e1ada34f7dd8ff384c06288eeea57ad,validated,2023-06-06T00:42:21.402883+00:00,timestamp,derivable,first developer turn in parsed conversation,2023-06-06T00:42:37.780720+00:00,timestamp,derivable,turn_000003.create_time,tFG,yes,validated_authoritative_stage_c_family_response_target_boundary_and_tFG,jhipster/generator-jhipster,https://github.com/jhipster/generator-jhipster,22429,cases/manifests/screened_PA_PN_cases.csv#CASE_DB8B57C6DBEC,historically_evidenced_focal_pr_base_state_at_tFG,git_commit,f5da9a6ce73ca6041bb59c0c9acf8e89f59e4087,,candidate_only,stage_a_pr_base_sha_access_probe_not_historically_authoritative,not_assessed,,unresolved,not_assessed,not_assessed,not_assessed,not_assessed,not_assessed,not_attempted,,,,,,not_applicable,historical_state_reconstructible_unresolved,pending_resolution,,false,Initialized offline; no repository acquisition or final eligibility decision performed.
post-stage-c-eligibility-manifest-v1,post-stage-c-reconstruction-v1,post-stage-c-eligibility-v1,dir-tfg-v2,CASE_DBFC2CC31FE4,processable,cases/conversations/CASE_DBFC2CC31FE4/stage_c_extraction_v5_post_c_resolution_v5_retry_01.json,1a31643a3c6b2e5dad978c4f6223b88f7c8ef170808d324a58e2493bea383ae7,validated,2024-03-20T20:21:53.988430+00:00,timestamp,derivable,first developer turn in parsed conversation,2024-03-20T20:23:14.283596+00:00,timestamp,derivable,turn_000003.create_time,tFG,yes,validated_authoritative_stage_c_family_response_target_boundary_and_tFG,VOICEVOX/voicevox_engine,https://github.com/VOICEVOX/voicevox_engine,1122,cases/manifests/screened_PA_PN_cases.csv#CASE_DBFC2CC31FE4,historically_evidenced_focal_pr_base_state_at_tFG,git_commit,322eeb630a57e2ca5e04cf281f72b568efb73c2a,,candidate_only,stage_a_pr_base_sha_access_probe_not_historically_authoritative,not_assessed,,unresolved,not_assessed,not_assessed,not_assessed,not_assessed,not_assessed,not_attempted,,,,,,not_applicable,historical_state_reconstructible_unresolved,pending_resolution,,false,Initialized offline; no repository acquisition or final eligibility decision performed.
post-stage-c-eligibility-manifest-v1,post-stage-c-reconstruction-v1,post-stage-c-eligibility-v1,dir-tfg-v2,CASE_DC1CD2C0366A,processable,cases/conversations/CASE_DC1CD2C0366A/stage_c_extraction_v5.json,5d226db83202c7ffda126128655c1c4b0e24f9ca36570fe9442de1f38b2a64e1,validated,2024-03-13T09:41:12.443305+00:00,timestamp,derivable,first developer turn in parsed conversation,2024-03-13T09:41:55.354256+00:00,timestamp,derivable,turn_000003.create_time,tFG,yes,validated_authoritative_stage_c_family_response_target_boundary_and_tFG,primer-io/primer-sdk-ios,https://github.com/primer-io/primer-sdk-ios,816,cases/manifests/screened_PA_PN_cases.csv#CASE_DC1CD2C0366A,historically_evidenced_focal_pr_base_state_at_tFG,git_commit,44ab837a11a91bb666d93783b8bd12fa5795ae4f,,candidate_only,stage_a_pr_base_sha_access_probe_not_historically_authoritative,not_assessed,,unresolved,not_assessed,not_assessed,not_assessed,not_assessed,not_assessed,not_attempted,,,,,,not_applicable,historical_state_reconstructible_unresolved,pending_resolution,,false,Initialized offline; no repository acquisition or final eligibility decision performed.
post-stage-c-eligibility-manifest-v1,post-stage-c-reconstruction-v1,post-stage-c-eligibility-v1,dir-tfg-v2,CASE_E22541DBFCC2,processable,cases/conversations/CASE_E22541DBFCC2/stage_c_extraction_v5.json,86f783332a5614e62051afe833e3ffc0f8188ae7c262602694387be47a1c82b2,validated,2024-04-24T09:34:49.096743+00:00,timestamp,derivable,first developer turn in parsed conversation,2024-04-24T09:34:57.715598+00:00,timestamp,derivable,turn_000003.create_time,tFG,yes,validated_authoritative_stage_c_family_response_target_boundary_and_tFG,UNLV-CS472-672/2024-S-GROUP3-Barbell,https://github.com/UNLV-CS472-672/2024-S-GROUP3-Barbell,258,cases/manifests/screened_PA_PN_cases.csv#CASE_E22541DBFCC2,historically_evidenced_focal_pr_base_state_at_tFG,git_commit,9b9c999738b52e3c1f3e2134b5274a7619f325ab,,candidate_only,stage_a_pr_base_sha_access_probe_not_historically_authoritative,not_assessed,,unresolved,not_assessed,not_assessed,not_assessed,not_assessed,not_assessed,not_attempted,,,,,,not_applicable,historical_state_reconstructible_unresolved,pending_resolution,,false,Initialized offline; no repository acquisition or final eligibility decision performed.
post-stage-c-eligibility-manifest-v1,post-stage-c-reconstruction-v1,post-stage-c-eligibility-v1,dir-tfg-v2,CASE_E6ADDBF1751F,processable,cases/conversations/CASE_E6ADDBF1751F/stage_c_extraction_v5.json,d9d311bae99ef932f76386caef974d530280d109b46f96d49d334179055623ba,validated,2023-11-02T13:01:45.967322+00:00,timestamp,derivable,first developer turn in parsed conversation,2023-11-02T13:01:48.037682+00:00,timestamp,derivable,turn_000004.create_time,tFG,yes,validated_authoritative_stage_c_family_response_target_boundary_and_tFG,netket/netket,https://github.com/netket/netket,1631,cases/manifests/screened_PA_PN_cases.csv#CASE_E6ADDBF1751F,historically_evidenced_focal_pr_base_state_at_tFG,git_commit,928630769246c74923ba1d8c85a51b3957e251aa,,candidate_only,stage_a_pr_base_sha_access_probe_not_historically_authoritative,not_assessed,,unresolved,not_assessed,not_assessed,not_assessed,not_assessed,not_assessed,not_attempted,,,,,,not_applicable,historical_state_reconstructible_unresolved,pending_resolution,,false,Initialized offline; no repository acquisition or final eligibility decision performed.
post-stage-c-eligibility-manifest-v1,post-stage-c-reconstruction-v1,post-stage-c-eligibility-v1,dir-tfg-v2,CASE_E8F12807DBDC,processable,cases/conversations/CASE_E8F12807DBDC/stage_c_extraction_v5.json,266f564be4e3400ab082793a8d476f607ac5fec96dc8e439c414095c5d33af9a,validated,2023-11-29T15:29:58.598890+00:00,timestamp,derivable,first developer turn in parsed conversation,2023-11-29T15:30:05.280608+00:00,timestamp,derivable,turn_000003.create_time,tFG,yes,validated_authoritative_stage_c_family_response_target_boundary_and_tFG,annuaire-entreprises-data-gouv-fr/site,https://github.com/annuaire-entreprises-data-gouv-fr/site,796,cases/manifests/screened_PA_PN_cases.csv#CASE_E8F12807DBDC,historically_evidenced_focal_pr_base_state_at_tFG,git_commit,2819d6b88b1db178b8cfa5f6d5de7e1c21275eaf,,candidate_only,stage_a_pr_base_sha_access_probe_not_historically_authoritative,not_assessed,,unresolved,not_assessed,not_assessed,not_assessed,not_assessed,not_assessed,not_attempted,,,,,,not_applicable,historical_state_reconstructible_unresolved,pending_resolution,,false,Initialized offline; no repository acquisition or final eligibility decision performed.
post-stage-c-eligibility-manifest-v1,post-stage-c-reconstruction-v1,post-stage-c-eligibility-v1,dir-tfg-v2,CASE_E9499409E39C,processable,cases/conversations/CASE_E9499409E39C/stage_c_extraction_v5.json,ac99e35db5d2188ffeb2664ceae31d62b6cb6b33ea1d5bf95a3bc22640d4c07f,validated,2024-02-04T06:17:58.975758+00:00,timestamp,derivable,first developer turn in parsed conversation,2024-02-04T06:18:20.388621+00:00,timestamp,derivable,turn_000003.create_time,tFG,yes,validated_authoritative_stage_c_family_response_target_boundary_and_tFG,deso-protocol/core,https://github.com/deso-protocol/core,875,cases/manifests/screened_PA_PN_cases.csv#CASE_E9499409E39C,historically_evidenced_focal_pr_base_state_at_tFG,git_commit,3434c9a4ff56534d63f9b5e97bb24e0a6be1b63e,,candidate_only,stage_a_pr_base_sha_access_probe_not_historically_authoritative,not_assessed,,unresolved,not_assessed,not_assessed,not_assessed,not_assessed,not_assessed,not_attempted,,,,,,not_applicable,historical_state_reconstructible_unresolved,pending_resolution,,false,Initialized offline; no repository acquisition or final eligibility decision performed.
post-stage-c-eligibility-manifest-v1,post-stage-c-reconstruction-v1,post-stage-c-eligibility-v1,dir-tfg-v2,CASE_EDED67A505D6,processable,cases/conversations/CASE_EDED67A505D6/stage_c_extraction_v5.json,3a4b8330d3df4517a52f711d2a78b61ac5a03bbeb680b8c9b1f9e2cce0e93f71,validated,2023-10-15T05:10:01.275691+00:00,timestamp,derivable,first developer turn in parsed conversation,2023-10-15T05:10:26.732889+00:00,timestamp,derivable,turn_000003.create_time,tFG,yes,validated_authoritative_stage_c_family_response_target_boundary_and_tFG,hacktoberfestkorea/hacktoberfestkorea,https://github.com/hacktoberfestkorea/hacktoberfestkorea,241,cases/manifests/screened_PA_PN_cases.csv#CASE_EDED67A505D6,historically_evidenced_focal_pr_base_state_at_tFG,git_commit,e38fc3981ea793104a7aa129cef8284e3a3e406c,,candidate_only,stage_a_pr_base_sha_access_probe_not_historically_authoritative,not_assessed,,unresolved,not_assessed,not_assessed,not_assessed,not_assessed,not_assessed,not_attempted,,,,,,not_applicable,historical_state_reconstructible_unresolved,pending_resolution,,false,Initialized offline; no repository acquisition or final eligibility decision performed.
post-stage-c-eligibility-manifest-v1,post-stage-c-reconstruction-v1,post-stage-c-eligibility-v1,dir-tfg-v2,CASE_EE7F13CD9FB7,processable,cases/conversations/CASE_EE7F13CD9FB7/stage_c_extraction_v5.json,5cd287d54384a63894db9b75369dcae747f79f9e50e7c9a57432cafc25e5fe5d,validated,2023-09-05T01:42:57.168012+00:00,timestamp,derivable,first developer turn in parsed conversation,2023-09-05T01:44:25.726944+00:00,timestamp,derivable,turn_000005.create_time,tFG,yes,validated_authoritative_stage_c_family_response_target_boundary_and_tFG,darklang/dark,https://github.com/darklang/dark,5058,cases/manifests/screened_PA_PN_cases.csv#CASE_EE7F13CD9FB7,historically_evidenced_focal_pr_base_state_at_tFG,git_commit,53e80a92af83ce6a73614e81765c591bf9a1a1b8,,unresolved,no_historically_qualifying_target_identity_claim,unresolved,,unresolved,unresolved,available,not_assessed,not_assessed,not_assessed,unresolved,provider-01,data/derived/historical_information/CASE_EE7F13CD9FB7/historical_information_index_v1.json,cases/reconstruction/CASE_EE7F13CD9FB7/historical_state_acquisition_v1.json,temporal_relation_unresolved,present_day_pr_base_has_no_qualifying_historical_identity_evidence,not_applicable,historical_state_reconstructible_unresolved,pending_resolution,,false,Live pilot attempted; historical target identity remains unresolved.
post-stage-c-eligibility-manifest-v1,post-stage-c-reconstruction-v1,post-stage-c-eligibility-v1,dir-tfg-v2,CASE_EECEB1B67DDF,processable,cases/conversations/CASE_EECEB1B67DDF/stage_c_extraction_v5.json,60441d7244829dd5d5dbfa4377d739d3011a8a2de09819cf5871305e901f4211,validated,2023-08-10T22:08:47.876748+00:00,timestamp,derivable,first developer turn in parsed conversation,2023-08-10T22:09:21.776553+00:00,timestamp,derivable,turn_000003.create_time,tFG,yes,validated_authoritative_stage_c_family_response_target_boundary_and_tFG,gradio-app/gradio,https://github.com/gradio-app/gradio,5179,cases/manifests/screened_PA_PN_cases.csv#CASE_EECEB1B67DDF,historically_evidenced_focal_pr_base_state_at_tFG,git_commit,b22e1888fcf0843520525c1e4b7e1fe73fdeb948,,candidate_only,stage_a_pr_base_sha_access_probe_not_historically_authoritative,not_assessed,,unresolved,not_assessed,not_assessed,not_assessed,not_assessed,not_assessed,not_attempted,,,,,,not_applicable,historical_state_reconstructible_unresolved,pending_resolution,,false,Initialized offline; no repository acquisition or final eligibility decision performed.
post-stage-c-eligibility-manifest-v1,post-stage-c-reconstruction-v1,post-stage-c-eligibility-v1,dir-tfg-v2,CASE_EFB57C0D7D17,processable,cases/conversations/CASE_EFB57C0D7D17/stage_c_extraction_v5.json,1536565960df1f3ce8f1389fd934a83a7f7248b1e1cf24cb6fead633de06e7ab,validated,2024-02-07T19:21:00.794516+00:00,timestamp,derivable,first developer turn in parsed conversation,2024-02-07T19:21:54.930568+00:00,timestamp,derivable,turn_000003.create_time,tFG,yes,validated_authoritative_stage_c_family_response_target_boundary_and_tFG,Mudlet/Mudlet,https://github.com/Mudlet/Mudlet,7123,cases/manifests/screened_PA_PN_cases.csv#CASE_EFB57C0D7D17,historically_evidenced_focal_pr_base_state_at_tFG,git_commit,2f58f4378e1e8eb297f5bb4a2464240a8210fc9d,,candidate_only,stage_a_pr_base_sha_access_probe_not_historically_authoritative,not_assessed,,unresolved,not_assessed,not_assessed,not_assessed,not_assessed,not_assessed,not_attempted,,,,,,not_applicable,historical_state_reconstructible_unresolved,pending_resolution,,false,Initialized offline; no repository acquisition or final eligibility decision performed.
post-stage-c-eligibility-manifest-v1,post-stage-c-reconstruction-v1,post-stage-c-eligibility-v1,dir-tfg-v2,CASE_F04D9F77AEBD,processable,cases/conversations/CASE_F04D9F77AEBD/stage_c_extraction_v5.json,060b496758cc318354e2e37af17928467e90fa7cd81aa0342753ee38cc146ed8,validated,2024-02-14T16:55:59.924440+00:00,timestamp,derivable,first developer turn in parsed conversation,2024-02-14T16:56:24.662180+00:00,timestamp,derivable,turn_000004.create_time,tFG,yes,validated_authoritative_stage_c_family_response_target_boundary_and_tFG,firezone/firezone,https://github.com/firezone/firezone,3621,cases/manifests/screened_PA_PN_cases.csv#CASE_F04D9F77AEBD,historically_evidenced_focal_pr_base_state_at_tFG,git_commit,1de3e45dde9d6a5f183df02c5bffc0d5b6d017b7,,candidate_only,stage_a_pr_base_sha_access_probe_not_historically_authoritative,not_assessed,,unresolved,not_assessed,not_assessed,not_assessed,not_assessed,not_assessed,not_attempted,,,,,,not_applicable,historical_state_reconstructible_unresolved,pending_resolution,,false,Initialized offline; no repository acquisition or final eligibility decision performed.
post-stage-c-eligibility-manifest-v1,post-stage-c-reconstruction-v1,post-stage-c-eligibility-v1,dir-tfg-v2,CASE_F13F98792012,processable,cases/conversations/CASE_F13F98792012/stage_c_extraction_v5.json,db79fa3f5dbb567567226604ff7022c06519fe277abdb5335fa348a0ce69a2d8,validated,2023-09-25T11:59:01.557490+00:00,timestamp,derivable,first developer turn in parsed conversation,2023-09-25T11:59:29.032600+00:00,timestamp,derivable,turn_000003.create_time,tFG,yes,validated_authoritative_stage_c_family_response_target_boundary_and_tFG,polywrap/evo.ninja,https://github.com/agentcoinorg/evo.ninja,206,cases/manifests/screened_PA_PN_cases.csv#CASE_F13F98792012,historically_evidenced_focal_pr_base_state_at_tFG,git_commit,ebd30f10a856a398151b3b8009c0f833b64e4506,,unresolved,no_historically_qualifying_target_identity_claim,unresolved,,unresolved,unresolved,available,not_assessed,not_assessed,not_assessed,unresolved,provider-01,data/derived/historical_information/CASE_F13F98792012/historical_information_index_v1.json,cases/reconstruction/CASE_F13F98792012/historical_state_acquisition_v1.json,temporal_relation_unresolved,present_day_pr_base_has_no_qualifying_historical_identity_evidence,not_applicable,historical_state_reconstructible_unresolved,pending_resolution,,false,Live pilot attempted; historical target identity remains unresolved.
post-stage-c-eligibility-manifest-v1,post-stage-c-reconstruction-v1,post-stage-c-eligibility-v1,dir-tfg-v2,CASE_F369A6C52AFC,processable,cases/conversations/CASE_F369A6C52AFC/stage_c_extraction_v5.json,bb2863e722da66e4c612c5c92d97c6b2a7ea79de4e86b11262f2b499d9da676e,validated,2024-01-07T13:22:01.017775+00:00,timestamp,derivable,first developer turn in parsed conversation,2024-01-07T13:22:25.537973+00:00,timestamp,derivable,turn_000003.create_time,tFG,yes,validated_authoritative_stage_c_family_response_target_boundary_and_tFG,jsdom/jsdom,https://github.com/jsdom/jsdom,3644,cases/manifests/screened_PA_PN_cases.csv#CASE_F369A6C52AFC,historically_evidenced_focal_pr_base_state_at_tFG,git_commit,dc8306f776b8a2411e3a4ce3e1e3225d3fc88316,,candidate_only,stage_a_pr_base_sha_access_probe_not_historically_authoritative,not_assessed,,unresolved,not_assessed,not_assessed,not_assessed,not_assessed,not_assessed,not_attempted,,,,,,not_applicable,historical_state_reconstructible_unresolved,pending_resolution,,false,Initialized offline; no repository acquisition or final eligibility decision performed.
post-stage-c-eligibility-manifest-v1,post-stage-c-reconstruction-v1,post-stage-c-eligibility-v1,dir-tfg-v2,CASE_F7BED13B8119,processable,cases/conversations/CASE_F7BED13B8119/stage_c_extraction_v6.json,d6e744fa2410869dcba4ebffb0f3e158f298f3e42de0d6d197d62370bc036899,validated,2023-07-15T21:52:50.143974+00:00,timestamp,derivable,first developer turn in parsed conversation,2023-07-15T21:55:31.086959+00:00,timestamp,derivable,turn_000009.create_time,tFG,yes,validated_authoritative_stage_c_family_response_target_boundary_and_tFG,VOICEVOX/voicevox_engine,https://github.com/VOICEVOX/voicevox_engine,716,cases/manifests/screened_PA_PN_cases.csv#CASE_F7BED13B8119,historically_evidenced_focal_pr_base_state_at_tFG,git_commit,39747666aa0895699e188f3fd03a0f448c9cf746,,unresolved,no_historically_qualifying_target_identity_claim,unresolved,,unresolved,unresolved,available,not_assessed,not_assessed,not_assessed,unresolved,provider-01,data/derived/historical_information/CASE_F7BED13B8119/historical_information_index_v1.json,cases/reconstruction/CASE_F7BED13B8119/historical_state_acquisition_v1.json,temporal_relation_unresolved,present_day_pr_base_has_no_qualifying_historical_identity_evidence,not_applicable,historical_state_reconstructible_unresolved,pending_resolution,,false,Live pilot attempted; historical target identity remains unresolved.
post-stage-c-eligibility-manifest-v1,post-stage-c-reconstruction-v1,post-stage-c-eligibility-v1,dir-tfg-v2,CASE_F850E0DE06D3,processable,cases/conversations/CASE_F850E0DE06D3/stage_c_extraction_v5.json,0e76b10afc1703103c9da5e78c74d9f6a76667936ae1d2c2ff44e50db3bfd22f,validated,2023-06-02T14:41:51.583692+00:00,timestamp,derivable,first developer turn in parsed conversation,2023-06-02T14:42:14.814585+00:00,timestamp,derivable,turn_000003.create_time,tFG,yes,validated_authoritative_stage_c_family_response_target_boundary_and_tFG,swarmion/swarmion,https://github.com/swarmion/swarmion,678,cases/manifests/screened_PA_PN_cases.csv#CASE_F850E0DE06D3,historically_evidenced_focal_pr_base_state_at_tFG,git_commit,a7d587c12fee54e688286b8254c812b785045003,,candidate_only,stage_a_pr_base_sha_access_probe_not_historically_authoritative,not_assessed,,unresolved,not_assessed,not_assessed,not_assessed,not_assessed,not_assessed,not_attempted,,,,,,not_applicable,historical_state_reconstructible_unresolved,pending_resolution,,false,Initialized offline; no repository acquisition or final eligibility decision performed.
post-stage-c-eligibility-manifest-v1,post-stage-c-reconstruction-v1,post-stage-c-eligibility-v1,dir-tfg-v2,CASE_F93FFAA22B9B,processable,cases/conversations/CASE_F93FFAA22B9B/stage_c_extraction_v5.json,e376bee29ef91290f8c46d9bb238bf7c82a2aa5ca263d4773d9cd8bf8e4690ae,validated,2023-07-07T21:09:50.169989+00:00,timestamp,derivable,first developer turn in parsed conversation,2023-07-07T21:10:15.086839+00:00,timestamp,derivable,turn_000003.create_time,tFG,yes,validated_authoritative_stage_c_family_response_target_boundary_and_tFG,dotCMS/core,https://github.com/dotCMS/core,25432,cases/manifests/screened_PA_PN_cases.csv#CASE_F93FFAA22B9B,historically_evidenced_focal_pr_base_state_at_tFG,git_commit,9e3357efa8b09dd586c9836650557df4168a59c5,,unresolved,no_historically_qualifying_target_identity_claim,unresolved,,unresolved,unresolved,available,not_assessed,not_assessed,not_assessed,unresolved,provider-01,data/derived/historical_information/CASE_F93FFAA22B9B/historical_information_index_v1.json,cases/reconstruction/CASE_F93FFAA22B9B/historical_state_acquisition_v1.json,temporal_relation_unresolved,present_day_pr_base_has_no_qualifying_historical_identity_evidence,not_applicable,historical_state_reconstructible_unresolved,pending_resolution,,false,Live pilot attempted; historical target identity remains unresolved.
post-stage-c-eligibility-manifest-v1,post-stage-c-reconstruction-v1,post-stage-c-eligibility-v1,dir-tfg-v2,CASE_FAA2BE1ADE1A,processable,cases/conversations/CASE_FAA2BE1ADE1A/stage_c_extraction_v5.json,5a15604a242e33d01d4167e69b5aee3902ba84e611a293930cfc62453b0bc7ca,validated,2023-09-04T17:08:13.063387+00:00,timestamp,derivable,first developer turn in parsed conversation,2023-09-04T17:08:55.965194+00:00,timestamp,derivable,turn_000003.create_time,tFG,yes,validated_authoritative_stage_c_family_response_target_boundary_and_tFG,SharezoneApp/sharezone-app,https://github.com/SharezoneApp/sharezone-app,880,cases/manifests/screened_PA_PN_cases.csv#CASE_FAA2BE1ADE1A,historically_evidenced_focal_pr_base_state_at_tFG,git_commit,51fcd6fd9631011cdd7f17cb2ffe208df1a92447,,candidate_only,stage_a_pr_base_sha_access_probe_not_historically_authoritative,not_assessed,,unresolved,not_assessed,not_assessed,not_assessed,not_assessed,not_assessed,not_attempted,,,,,,not_applicable,historical_state_reconstructible_unresolved,pending_resolution,,false,Initialized offline; no repository acquisition or final eligibility decision performed.
post-stage-c-eligibility-manifest-v1,post-stage-c-reconstruction-v1,post-stage-c-eligibility-v1,dir-tfg-v2,CASE_FAEC584E837A,processable,cases/conversations/CASE_FAEC584E837A/stage_c_extraction_v5.json,b121ddc9800c115ca00ad514d90f7dd94b71fc8915000fdf2ef74401de89926e,validated,2023-09-28T18:33:06.703063+00:00,timestamp,derivable,first developer turn in parsed conversation,2023-09-28T18:33:36.735883+00:00,timestamp,derivable,turn_000004.create_time,tFG,yes,validated_authoritative_stage_c_family_response_target_boundary_and_tFG,sablier-labs/v2-periphery,https://github.com/sablier-labs/v2-periphery,191,cases/manifests/screened_PA_PN_cases.csv#CASE_FAEC584E837A,historically_evidenced_focal_pr_base_state_at_tFG,git_commit,61bdf475759de46803eb9b73b9e5b59dfea2215e,,candidate_only,stage_a_pr_base_sha_access_probe_not_historically_authoritative,not_assessed,,unresolved,not_assessed,not_assessed,not_assessed,not_assessed,not_assessed,not_attempted,,,,,,not_applicable,historical_state_reconstructible_unresolved,pending_resolution,,false,Initialized offline; no repository acquisition or final eligibility decision performed.
post-stage-c-eligibility-manifest-v1,post-stage-c-reconstruction-v1,post-stage-c-eligibility-v1,dir-tfg-v2,CASE_FE82721D67EB,processable,cases/conversations/CASE_FE82721D67EB/stage_c_extraction_v5.json,f7ed94c79c0c8a3af76dabfbaefbda3e6ebf2495f7e9903a0fc1f9af97502a6e,validated,2023-09-07T14:12:08.165512+00:00,timestamp,derivable,first developer turn in parsed conversation,2023-09-07T14:13:12.585890+00:00,timestamp,derivable,turn_000003.create_time,tFG,yes,validated_authoritative_stage_c_family_response_target_boundary_and_tFG,opensearch-project/opensearch-migrations,https://github.com/opensearch-project/opensearch-migrations,297,cases/manifests/screened_PA_PN_cases.csv#CASE_FE82721D67EB,historically_evidenced_focal_pr_base_state_at_tFG,git_commit,453cecf708c94f30111259c0873d2315b393753b,,candidate_only,stage_a_pr_base_sha_access_probe_not_historically_authoritative,not_assessed,,unresolved,not_assessed,not_assessed,not_assessed,not_assessed,not_assessed,not_attempted,,,,,,not_applicable,historical_state_reconstructible_unresolved,pending_resolution,,false,Initialized offline; no repository acquisition or final eligibility decision performed.
post-stage-c-eligibility-manifest-v1,post-stage-c-reconstruction-v1,post-stage-c-eligibility-v1,dir-tfg-v2,CASE_FF56769ECD05,processable,cases/conversations/CASE_FF56769ECD05/stage_c_extraction_v5.json,67992683046c5e2b5593b0d0bd4f680cb85feed8fc523f2b2e6ad1fbd1b5907e,validated,2024-04-04T21:42:57.891669+00:00,timestamp,derivable,first developer turn in parsed conversation,2024-04-04T21:43:01.991259+00:00,timestamp,derivable,turn_000003.create_time,tFG,yes,validated_authoritative_stage_c_family_response_target_boundary_and_tFG,UNLV-CS472-672/2024-S-GROUP1-Roadwatch,https://github.com/UNLV-CS472-672/2024-S-GROUP1-Roadwatch,107,cases/manifests/screened_PA_PN_cases.csv#CASE_FF56769ECD05,historically_evidenced_focal_pr_base_state_at_tFG,git_commit,b8bbe070d589c80b27a396d426b4d281b85734f6,,candidate_only,stage_a_pr_base_sha_access_probe_not_historically_authoritative,not_assessed,,unresolved,not_assessed,not_assessed,not_assessed,not_assessed,not_assessed,not_attempted,,,,,,not_applicable,historical_state_reconstructible_unresolved,pending_resolution,,false,Initialized offline; no repository acquisition or final eligibility decision performed.
